,cid,cmpdname,canonicalsmiles,Molecule,Fingerprint,predicted,predicted_proba,min_energy,energy_gps
2773,152412129,[4-[[2-[(4-Aminocyclohexyl)amino]-9-cyclopentylpurin-6-yl]amino]phenyl]-(4-methylpiperazin-1-yl)methanone,CN1CCN(CC1)C(=O)C2=CC=C(C=C2)NC3=C4C(=NC(=N3)NC5CCC(CC5)N)N(C=N4)C6CCCC6,<rdkit.Chem.rdchem.Mol object at 0x7f54fba26e30>,<rdkit.DataStructs.cDataStructs.ExplicitBitVect object at 0x7f54fba7cc80>,0,0.586966365513695,-13.226,-15 : -13
1755,67037131,[4-(3-Methylphenyl)piperazin-1-yl]-[4-[[4-(2-methyl-3-propan-2-ylimidazol-4-yl)pyrimidin-2-yl]amino]phenyl]methanone,CC1=CC(=CC=C1)N2CCN(CC2)C(=O)C3=CC=C(C=C3)NC4=NC=CC(=N4)C5=CN=C(N5C(C)C)C,<rdkit.Chem.rdchem.Mol object at 0x7f54fba07530>,<rdkit.DataStructs.cDataStructs.ExplicitBitVect object at 0x7f54fba5d380>,0,0.7295081967213115,-12.577,-13 : -11
1866,67037944,[4-(5-Chloropyridin-2-yl)piperazin-1-yl]-[4-[[4-(2-methyl-3-propan-2-ylimidazol-4-yl)pyrimidin-2-yl]amino]phenyl]methanone,CC1=NC=C(N1C(C)C)C2=NC(=NC=C2)NC3=CC=C(C=C3)C(=O)N4CCN(CC4)C5=NC=C(C=C5)Cl,<rdkit.Chem.rdchem.Mol object at 0x7f54fba0a810>,<rdkit.DataStructs.cDataStructs.ExplicitBitVect object at 0x7f54fba60660>,0,0.7786885245901639,-12.349,-13 : -11
1797,67037298,"[4-(3,4-Difluorophenyl)piperazin-1-yl]-[4-[[4-(2-methyl-3-propan-2-ylimidazol-4-yl)pyrimidin-2-yl]amino]phenyl]methanone",CC1=NC=C(N1C(C)C)C2=NC(=NC=C2)NC3=CC=C(C=C3)C(=O)N4CCN(CC4)C5=CC(=C(C=C5)F)F,<rdkit.Chem.rdchem.Mol object at 0x7f54fba089e0>,<rdkit.DataStructs.cDataStructs.ExplicitBitVect object at 0x7f54fba5e7a0>,0,0.7295081967213115,-12.319,-13 : -11
1807,67037350,[4-(4-Methylphenyl)piperazin-1-yl]-[4-[[4-(2-methyl-3-propan-2-ylimidazol-4-yl)pyrimidin-2-yl]amino]phenyl]methanone,CC1=CC=C(C=C1)N2CCN(CC2)C(=O)C3=CC=C(C=C3)NC4=NC=CC(=N4)C5=CN=C(N5C(C)C)C,<rdkit.Chem.rdchem.Mol object at 0x7f54fba08e40>,<rdkit.DataStructs.cDataStructs.ExplicitBitVect object at 0x7f54fba5ec00>,0,0.7704918032786885,-12.272,-13 : -11
1798,67037305,"[4-(2,6-Dimethylphenyl)piperazin-1-yl]-[4-[[4-(2-methyl-3-propan-2-ylimidazol-4-yl)pyrimidin-2-yl]amino]phenyl]methanone",CC1=C(C(=CC=C1)C)N2CCN(CC2)C(=O)C3=CC=C(C=C3)NC4=NC=CC(=N4)C5=CN=C(N5C(C)C)C,<rdkit.Chem.rdchem.Mol object at 0x7f54fba08a50>,<rdkit.DataStructs.cDataStructs.ExplicitBitVect object at 0x7f54fba5e810>,0,0.7786885245901639,-12.236,-13 : -11
1851,67037571,"[4-(2,3-Dimethylphenyl)piperazin-1-yl]-[4-[[4-(2-methyl-3-propan-2-ylimidazol-4-yl)pyrimidin-2-yl]amino]phenyl]methanone",CC1=C(C(=CC=C1)N2CCN(CC2)C(=O)C3=CC=C(C=C3)NC4=NC=CC(=N4)C5=CN=C(N5C(C)C)C)C,<rdkit.Chem.rdchem.Mol object at 0x7f54fba0a180>,<rdkit.DataStructs.cDataStructs.ExplicitBitVect object at 0x7f54fba5ff40>,0,0.7786885245901639,-12.211,-13 : -11
1852,67037572,[4-(4-Chlorophenyl)piperazin-1-yl]-[4-[[4-(2-methyl-3-propan-2-ylimidazol-4-yl)pyrimidin-2-yl]amino]phenyl]methanone,CC1=NC=C(N1C(C)C)C2=NC(=NC=C2)NC3=CC=C(C=C3)C(=O)N4CCN(CC4)C5=CC=C(C=C5)Cl,<rdkit.Chem.rdchem.Mol object at 0x7f54fba0a1f0>,<rdkit.DataStructs.cDataStructs.ExplicitBitVect object at 0x7f54fba60040>,0,0.7868852459016393,-12.141,-13 : -11
186,10274287,"[4-[(4-imidazo[1,2-a]pyridin-3-ylpyrimidin-2-yl)amino]phenyl]-(1H-indol-6-yl)methanone",C1=CC2=NC=C(N2C=C1)C3=NC(=NC=C3)NC4=CC=C(C=C4)C(=O)C5=CC6=C(C=C5)C=CN6,<rdkit.Chem.rdchem.Mol object at 0x7f54fbbd5000>,<rdkit.DataStructs.cDataStructs.ExplicitBitVect object at 0x7f54fba2edc0>,0,0.5085141161347658,-12.14,-13 : -11
1749,67037100,[4-(4-Hydroxyphenyl)piperazin-1-yl]-[4-[[4-(2-methyl-3-propan-2-ylimidazol-4-yl)pyrimidin-2-yl]amino]phenyl]methanone,CC1=NC=C(N1C(C)C)C2=NC(=NC=C2)NC3=CC=C(C=C3)C(=O)N4CCN(CC4)C5=CC=C(C=C5)O,<rdkit.Chem.rdchem.Mol object at 0x7f54fba071b0>,<rdkit.DataStructs.cDataStructs.ExplicitBitVect object at 0x7f54fba5d000>,0,0.7704918032786885,-12.021,-13 : -11
2793,154486119,"(4-Cyclobutyl-1,4-diazepan-1-yl)-[4-[[5-fluoro-4-(2-methyl-3-propan-2-ylimidazol-4-yl)pyrimidin-2-yl]amino]phenyl]methanone",CC1=NC=C(N1C(C)C)C2=NC(=NC=C2F)NC3=CC=C(C=C3)C(=O)N4CCCN(CC4)C5CCC5,<rdkit.Chem.rdchem.Mol object at 0x7f54fba276f0>,<rdkit.DataStructs.cDataStructs.ExplicitBitVect object at 0x7f54fba7d540>,0,0.8688524590163934,-12.013,-13 : -11
1785,67037259,[4-(3-Methoxyphenyl)piperazin-1-yl]-[4-[[4-(2-methyl-3-propan-2-ylimidazol-4-yl)pyrimidin-2-yl]amino]phenyl]methanone,CC1=NC=C(N1C(C)C)C2=NC(=NC=C2)NC3=CC=C(C=C3)C(=O)N4CCN(CC4)C5=CC(=CC=C5)OC,<rdkit.Chem.rdchem.Mol object at 0x7f54fba083c0>,<rdkit.DataStructs.cDataStructs.ExplicitBitVect object at 0x7f54fba5e180>,0,0.6639344262295082,-11.997,-13 : -11
1777,67037234,"[4-[[4-(3-Cyclopentyl-2-methylimidazol-4-yl)pyrimidin-2-yl]amino]phenyl]-(4-methyl-1,4-diazepan-1-yl)methanone",CC1=NC=C(N1C2CCCC2)C3=NC(=NC=C3)NC4=CC=C(C=C4)C(=O)N5CCCN(CC5)C,<rdkit.Chem.rdchem.Mol object at 0x7f54fba08040>,<rdkit.DataStructs.cDataStructs.ExplicitBitVect object at 0x7f54fba5de00>,0,0.6085141161347658,-11.964,-13 : -11
1794,67037290,[4-(4-Fluorophenyl)piperazin-1-yl]-[4-[[4-(2-methyl-3-propan-2-ylimidazol-4-yl)pyrimidin-2-yl]amino]phenyl]methanone,CC1=NC=C(N1C(C)C)C2=NC(=NC=C2)NC3=CC=C(C=C3)C(=O)N4CCN(CC4)C5=CC=C(C=C5)F,<rdkit.Chem.rdchem.Mol object at 0x7f54fba08890>,<rdkit.DataStructs.cDataStructs.ExplicitBitVect object at 0x7f54fba5e650>,0,0.819672131147541,-11.962,-13 : -11
380,16666628,"[4-[(4-Imidazo[1,2-a]pyridin-3-ylpyrimidin-2-yl)amino]phenyl]-(4-methyl-1,4-diazepan-1-yl)methanone",CN1CCCN(CC1)C(=O)C2=CC=C(C=C2)NC3=NC=CC(=N3)C4=CN=C5N4C=CC=C5,<rdkit.Chem.rdchem.Mol object at 0x7f54fbbdbd80>,<rdkit.DataStructs.cDataStructs.ExplicitBitVect object at 0x7f54fba35bd0>,0,0.5429403456429626,-11.933,-13 : -11
1781,67037243,[4-[[4-(2-Methyl-3-propan-2-ylimidazol-4-yl)pyrimidin-2-yl]amino]phenyl]-(4-phenylpiperazin-1-yl)methanone,CC1=NC=C(N1C(C)C)C2=NC(=NC=C2)NC3=CC=C(C=C3)C(=O)N4CCN(CC4)C5=CC=CC=C5,<rdkit.Chem.rdchem.Mol object at 0x7f54fba08200>,<rdkit.DataStructs.cDataStructs.ExplicitBitVect object at 0x7f54fba5dfc0>,0,0.6830601092896176,-11.907,-13 : -11
1766,67037200,[4-[[5-Fluoro-4-(2-methyl-3-propan-2-ylimidazol-4-yl)pyrimidin-2-yl]amino]phenyl]-[4-(4-methylpiperazin-1-yl)piperidin-1-yl]methanone,CC1=NC=C(N1C(C)C)C2=NC(=NC=C2F)NC3=CC=C(C=C3)C(=O)N4CCC(CC4)N5CCN(CC5)C,<rdkit.Chem.rdchem.Mol object at 0x7f54fba07ae0>,<rdkit.DataStructs.cDataStructs.ExplicitBitVect object at 0x7f54fba5d930>,0,0.8524590163934426,-11.901,-13 : -11
1806,67037342,[4-[[4-(3-cyclopentyl-2-methylimidazol-4-yl)pyrimidin-2-yl]amino]phenyl]-[(3S)-3-(dimethylamino)pyrrolidin-1-yl]methanone,CC1=NC=C(N1C2CCCC2)C3=NC(=NC=C3)NC4=CC=C(C=C4)C(=O)N5CCC(C5)N(C)C,<rdkit.Chem.rdchem.Mol object at 0x7f54fba08dd0>,<rdkit.DataStructs.cDataStructs.ExplicitBitVect object at 0x7f54fba5eb90>,0,0.6498779211719568,-11.83,-13 : -11
1867,67038006,[4-(2-Methylphenyl)piperazin-1-yl]-[4-[[4-(2-methyl-3-propan-2-ylimidazol-4-yl)pyrimidin-2-yl]amino]phenyl]methanone,CC1=CC=CC=C1N2CCN(CC2)C(=O)C3=CC=C(C=C3)NC4=NC=CC(=N4)C5=CN=C(N5C(C)C)C,<rdkit.Chem.rdchem.Mol object at 0x7f54fba0a880>,<rdkit.DataStructs.cDataStructs.ExplicitBitVect object at 0x7f54fba606d0>,0,0.73224043715847,-11.822,-13 : -11
1850,67037570,"[4-(2,4-Difluorophenyl)piperazin-1-yl]-[4-[[4-(2-methyl-3-propan-2-ylimidazol-4-yl)pyrimidin-2-yl]amino]phenyl]methanone",CC1=NC=C(N1C(C)C)C2=NC(=NC=C2)NC3=CC=C(C=C3)C(=O)N4CCN(CC4)C5=C(C=C(C=C5)F)F,<rdkit.Chem.rdchem.Mol object at 0x7f54fba0a110>,<rdkit.DataStructs.cDataStructs.ExplicitBitVect object at 0x7f54fba5fed0>,0,0.7622950819672131,-11.792,-13 : -11
1730,67036942,[4-(2-Fluorophenyl)piperazin-1-yl]-[4-[[4-(2-methyl-3-propan-2-ylimidazol-4-yl)pyrimidin-2-yl]amino]phenyl]methanone,CC1=NC=C(N1C(C)C)C2=NC(=NC=C2)NC3=CC=C(C=C3)C(=O)N4CCN(CC4)C5=CC=CC=C5F,<rdkit.Chem.rdchem.Mol object at 0x7f54fba06960>,<rdkit.DataStructs.cDataStructs.ExplicitBitVect object at 0x7f54fba5c7b0>,0,0.7486338797814208,-11.728,-13 : -11
371,16123682,[4-[[5-Fluoro-4-[3-propan-2-yl-2-(trifluoromethyl)imidazol-4-yl]pyrimidin-2-yl]amino]phenyl]-(4-methylpiperazin-1-yl)methanone,CC(C)N1C(=CN=C1C(F)(F)F)C2=NC(=NC=C2F)NC3=CC=C(C=C3)C(=O)N4CCN(CC4)C,<rdkit.Chem.rdchem.Mol object at 0x7f54fbbdb920>,<rdkit.DataStructs.cDataStructs.ExplicitBitVect object at 0x7f54fba35770>,0,0.525227674330123,-11.719,-13 : -11
1839,67037507,[4-(2-Chlorophenyl)piperazin-1-yl]-[4-[[4-(2-methyl-3-propan-2-ylimidazol-4-yl)pyrimidin-2-yl]amino]phenyl]methanone,CC1=NC=C(N1C(C)C)C2=NC(=NC=C2)NC3=CC=C(C=C3)C(=O)N4CCN(CC4)C5=CC=CC=C5Cl,<rdkit.Chem.rdchem.Mol object at 0x7f54fba09c40>,<rdkit.DataStructs.cDataStructs.ExplicitBitVect object at 0x7f54fba5fa00>,0,0.7158469945355193,-11.716,-13 : -11
1837,67037470,[4-[[4-(2-Methyl-3-propan-2-ylimidazol-4-yl)pyrimidin-2-yl]amino]phenyl]-(2-pyridin-2-ylpyrrolidin-1-yl)methanone,CC1=NC=C(N1C(C)C)C2=NC(=NC=C2)NC3=CC=C(C=C3)C(=O)N4CCCC4C5=CC=CC=N5,<rdkit.Chem.rdchem.Mol object at 0x7f54fba09b60>,<rdkit.DataStructs.cDataStructs.ExplicitBitVect object at 0x7f54fba5f920>,0,0.6830601092896176,-11.703,-13 : -11
348,16038336,"[4-[(4-Imidazo[1,2-a]pyridin-3-ylpyrimidin-2-yl)amino]phenyl]-(4-methylpiperazin-1-yl)methanone",CN1CCN(CC1)C(=O)C2=CC=C(C=C2)NC3=NC=CC(=N3)C4=CN=C5N4C=CC=C5,<rdkit.Chem.rdchem.Mol object at 0x7f54fbbda8f0>,<rdkit.DataStructs.cDataStructs.ExplicitBitVect object at 0x7f54fba34740>,0,0.5265469030200117,-11.648,-13 : -11
1812,67037359,[4-[[4-(3-Cyclopentyl-2-methylimidazol-4-yl)pyrimidin-2-yl]amino]phenyl]-(4-methylpiperazin-1-yl)methanone,CC1=NC=C(N1C2CCCC2)C3=NC(=NC=C3)NC4=CC=C(C=C4)C(=O)N5CCN(CC5)C,<rdkit.Chem.rdchem.Mol object at 0x7f54fba09070>,<rdkit.DataStructs.cDataStructs.ExplicitBitVect object at 0x7f54fba5ee30>,0,0.6085141161347658,-11.646,-13 : -11
1824,67037401,[4-(2-Hydroxyphenyl)piperazin-1-yl]-[4-[[4-(2-methyl-3-propan-2-ylimidazol-4-yl)pyrimidin-2-yl]amino]phenyl]methanone,CC1=NC=C(N1C(C)C)C2=NC(=NC=C2)NC3=CC=C(C=C3)C(=O)N4CCN(CC4)C5=CC=CC=C5O,<rdkit.Chem.rdchem.Mol object at 0x7f54fba095b0>,<rdkit.DataStructs.cDataStructs.ExplicitBitVect object at 0x7f54fba5f370>,0,0.7158469945355193,-11.568,-13 : -11
1779,67037237,[4-[[4-(2-Methyl-3-propan-2-ylimidazol-4-yl)pyrimidin-2-yl]amino]phenyl]-(4-pyridin-4-ylpiperidin-1-yl)methanone,CC1=NC=C(N1C(C)C)C2=NC(=NC=C2)NC3=CC=C(C=C3)C(=O)N4CCC(CC4)C5=CC=NC=C5,<rdkit.Chem.rdchem.Mol object at 0x7f54fba08120>,<rdkit.DataStructs.cDataStructs.ExplicitBitVect object at 0x7f54fba5dee0>,0,0.7950819672131147,-11.558,-13 : -11
1802,67037331,"[(1S,4S)-2,5-diazabicyclo[2.2.1]heptan-2-yl]-[4-[[5-fluoro-4-(2-methyl-3-propan-2-ylimidazol-4-yl)pyrimidin-2-yl]amino]phenyl]methanone",CC1=NC=C(N1C(C)C)C2=NC(=NC=C2F)NC3=CC=C(C=C3)C(=O)N4CC5CC4CN5,<rdkit.Chem.rdchem.Mol object at 0x7f54fba08c10>,<rdkit.DataStructs.cDataStructs.ExplicitBitVect object at 0x7f54fba5e9d0>,0,0.8360655737704918,-11.554,-13 : -11
1817,67037382,"(1,1-Dioxo-1,4-thiazinan-4-yl)-[4-[[5-fluoro-4-(2-methyl-3-propan-2-ylimidazol-4-yl)pyrimidin-2-yl]amino]phenyl]methanone",CC1=NC=C(N1C(C)C)C2=NC(=NC=C2F)NC3=CC=C(C=C3)C(=O)N4CCS(=O)(=O)CC4,<rdkit.Chem.rdchem.Mol object at 0x7f54fba092a0>,<rdkit.DataStructs.cDataStructs.ExplicitBitVect object at 0x7f54fba5f060>,0,0.8688524590163934,-11.551,-13 : -11
1740,67037063,[4-(4-Methylpiperazin-1-yl)piperidin-1-yl]-[4-[[4-(2-methyl-3-propan-2-ylimidazol-4-yl)pyrimidin-2-yl]amino]phenyl]methanone,CC1=NC=C(N1C(C)C)C2=NC(=NC=C2)NC3=CC=C(C=C3)C(=O)N4CCC(CC4)N5CCN(CC5)C,<rdkit.Chem.rdchem.Mol object at 0x7f54fba06dc0>,<rdkit.DataStructs.cDataStructs.ExplicitBitVect object at 0x7f54fba5cc10>,0,0.7868852459016393,-11.54,-13 : -11
1745,67037077,"[2-Chloro-4-[[5-fluoro-4-(2-methyl-3-propan-2-ylimidazol-4-yl)pyrimidin-2-yl]amino]phenyl]-(4-methyl-1,4-diazepan-1-yl)methanone",CC1=NC=C(N1C(C)C)C2=NC(=NC=C2F)NC3=CC(=C(C=C3)C(=O)N4CCCN(CC4)C)Cl,<rdkit.Chem.rdchem.Mol object at 0x7f54fba06ff0>,<rdkit.DataStructs.cDataStructs.ExplicitBitVect object at 0x7f54fba5ce40>,0,0.8524590163934426,-11.5,-13 : -11
354,16113479,"[4-[[5-Chloro-4-(2-methyl-3-propan-2-ylimidazol-4-yl)pyrimidin-2-yl]amino]phenyl]-(4-methyl-1,4-diazepan-1-yl)methanone",CC1=NC=C(N1C(C)C)C2=NC(=NC=C2Cl)NC3=CC=C(C=C3)C(=O)N4CCCN(CC4)C,<rdkit.Chem.rdchem.Mol object at 0x7f54fbbdac70>,<rdkit.DataStructs.cDataStructs.ExplicitBitVect object at 0x7f54fba34ac0>,0,0.7213114754098361,-11.491,-13 : -11
352,16113378,"(4-(5-fluoro-4-(1-isopropyl-2-methyl-1H-imidazol-5-yl)pyrimidin-2-ylamino)phenyl)(4-methyl-1,4-diazepan-1-yl)methanone",CC1=NC=C(N1C(C)C)C2=NC(=NC=C2F)NC3=CC=C(C=C3)C(=O)N4CCCN(CC4)C,<rdkit.Chem.rdchem.Mol object at 0x7f54fbbdab90>,<rdkit.DataStructs.cDataStructs.ExplicitBitVect object at 0x7f54fba349e0>,0,0.9180327868852459,-11.478,-13 : -11
2792,154486118,"(4-Cyclobutyl-1,4-diazepan-1-yl)-[4-[[4-(2-methyl-3-propan-2-ylimidazol-4-yl)pyrimidin-2-yl]amino]phenyl]methanone",CC1=NC=C(N1C(C)C)C2=NC(=NC=C2)NC3=CC=C(C=C3)C(=O)N4CCCN(CC4)C5CCC5,<rdkit.Chem.rdchem.Mol object at 0x7f54fba27680>,<rdkit.DataStructs.cDataStructs.ExplicitBitVect object at 0x7f54fba7d4d0>,0,0.8114754098360656,-11.444,-13 : -11
1783,67037245,[2-Fluoro-4-[[5-fluoro-4-(2-methyl-3-propan-2-ylimidazol-4-yl)pyrimidin-2-yl]amino]phenyl]-(4-methylpiperazin-1-yl)methanone,CC1=NC=C(N1C(C)C)C2=NC(=NC=C2F)NC3=CC(=C(C=C3)C(=O)N4CCN(CC4)C)F,<rdkit.Chem.rdchem.Mol object at 0x7f54fba082e0>,<rdkit.DataStructs.cDataStructs.ExplicitBitVect object at 0x7f54fba5e0a0>,0,0.8688524590163934,-11.438,-13 : -11
1815,67037372,"[2-Fluoro-4-[[4-(2-methyl-3-propan-2-ylimidazol-4-yl)pyrimidin-2-yl]amino]phenyl]-(4-methyl-1,4-diazepan-1-yl)methanone",CC1=NC=C(N1C(C)C)C2=NC(=NC=C2)NC3=CC(=C(C=C3)C(=O)N4CCCN(CC4)C)F,<rdkit.Chem.rdchem.Mol object at 0x7f54fba091c0>,<rdkit.DataStructs.cDataStructs.ExplicitBitVect object at 0x7f54fba5ef80>,0,0.7049180327868853,-11.403,-13 : -11
2804,154486131,[(3S)-3-[cyclobutyl(methyl)amino]pyrrolidin-1-yl]-[4-[[4-(2-methyl-3-propan-2-ylimidazol-4-yl)pyrimidin-2-yl]amino]phenyl]methanone,CC1=NC=C(N1C(C)C)C2=NC(=NC=C2)NC3=CC=C(C=C3)C(=O)N4CCC(C4)N(C)C5CCC5,<rdkit.Chem.rdchem.Mol object at 0x7f54fba27bc0>,<rdkit.DataStructs.cDataStructs.ExplicitBitVect object at 0x7f54fba7da10>,0,0.8278688524590164,-11.399,-13 : -11
1743,67037068,"(2,5-Dimethylpiperazin-1-yl)-[4-[[4-(2-methyl-3-propan-2-ylimidazol-4-yl)pyrimidin-2-yl]amino]phenyl]methanone",CC1CNC(CN1C(=O)C2=CC=C(C=C2)NC3=NC=CC(=N3)C4=CN=C(N4C(C)C)C)C,<rdkit.Chem.rdchem.Mol object at 0x7f54fba06f10>,<rdkit.DataStructs.cDataStructs.ExplicitBitVect object at 0x7f54fba5cd60>,0,0.7540983606557377,-11.396,-13 : -11
1741,67037064,"[(2S,5R)-2,5-dimethylpiperazin-1-yl]-[4-[[4-(2-methyl-3-propan-2-ylimidazol-4-yl)pyrimidin-2-yl]amino]phenyl]methanone",CC1CNC(CN1C(=O)C2=CC=C(C=C2)NC3=NC=CC(=N3)C4=CN=C(N4C(C)C)C)C,<rdkit.Chem.rdchem.Mol object at 0x7f54fba06e30>,<rdkit.DataStructs.cDataStructs.ExplicitBitVect object at 0x7f54fba5cc80>,0,0.7540983606557377,-11.396,-13 : -11
1742,67037067,"[(2R,5S)-2,5-dimethylpiperazin-1-yl]-[4-[[4-(2-methyl-3-propan-2-ylimidazol-4-yl)pyrimidin-2-yl]amino]phenyl]methanone",CC1CNC(CN1C(=O)C2=CC=C(C=C2)NC3=NC=CC(=N3)C4=CN=C(N4C(C)C)C)C,<rdkit.Chem.rdchem.Mol object at 0x7f54fba06ea0>,<rdkit.DataStructs.cDataStructs.ExplicitBitVect object at 0x7f54fba5ccf0>,0,0.7540983606557377,-11.396,-13 : -11
1888,68682170,"[3-(Dimethylamino)pyrrolidin-1-yl]-[4-[(4-imidazo[1,2-a]pyridin-3-ylpyrimidin-2-yl)amino]phenyl]methanone",CN(C)C1CCN(C1)C(=O)C2=CC=C(C=C2)NC3=NC=CC(=N3)C4=CN=C5N4C=CC=C5,<rdkit.Chem.rdchem.Mol object at 0x7f54fba0b3e0>,<rdkit.DataStructs.cDataStructs.ExplicitBitVect object at 0x7f54fba61230>,0,0.5372147081704768,-11.386,-13 : -11
379,16666586,"[(3S)-3-(dimethylamino)pyrrolidin-1-yl]-[4-[(4-imidazo[1,2-a]pyridin-3-ylpyrimidin-2-yl)amino]phenyl]methanone",CN(C)C1CCN(C1)C(=O)C2=CC=C(C=C2)NC3=NC=CC(=N3)C4=CN=C5N4C=CC=C5,<rdkit.Chem.rdchem.Mol object at 0x7f54fbbdbd10>,<rdkit.DataStructs.cDataStructs.ExplicitBitVect object at 0x7f54fba35b60>,0,0.5372147081704768,-11.386,-13 : -11
378,16666585,"[(3R)-3-(dimethylamino)pyrrolidin-1-yl]-[4-[(4-imidazo[1,2-a]pyridin-3-ylpyrimidin-2-yl)amino]phenyl]methanone",CN(C)C1CCN(C1)C(=O)C2=CC=C(C=C2)NC3=NC=CC(=N3)C4=CN=C5N4C=CC=C5,<rdkit.Chem.rdchem.Mol object at 0x7f54fbbdbca0>,<rdkit.DataStructs.cDataStructs.ExplicitBitVect object at 0x7f54fba35af0>,0,0.5372147081704768,-11.386,-13 : -11
2000,69225805,[4-[[4-(2-Methyl-3-propan-2-yl-3H-imidazol-4-yl)pyrimidin-2-yl]amino]phenyl]-[(3S)-3-(morpholin-4-yl)pyrrolidin-1-yl]methanone,CC1=NC=C(N1C(C)C)C2=NC(=NC=C2)NC3=CC=C(C=C3)C(=O)N4CCC(C4)N5CCOCC5,<rdkit.Chem.rdchem.Mol object at 0x7f54fba0e8f0>,<rdkit.DataStructs.cDataStructs.ExplicitBitVect object at 0x7f54fba64740>,0,0.8852459016393442,-11.351,-13 : -11
1767,67037204,[4-[[4-(3-Cyclobutyl-2-methylimidazol-4-yl)pyrimidin-2-yl]amino]phenyl]-(4-methylpiperazin-1-yl)methanone,CC1=NC=C(N1C2CCC2)C3=NC(=NC=C3)NC4=CC=C(C=C4)C(=O)N5CCN(CC5)C,<rdkit.Chem.rdchem.Mol object at 0x7f54fba07b50>,<rdkit.DataStructs.cDataStructs.ExplicitBitVect object at 0x7f54fba5d9a0>,0,0.5757272308888641,-11.348,-13 : -11
1733,67037019,(4-Cyclopropylpiperazin-1-yl)-[4-[[5-fluoro-4-(2-methyl-3-propan-2-ylimidazol-4-yl)pyrimidin-2-yl]amino]phenyl]methanone,CC1=NC=C(N1C(C)C)C2=NC(=NC=C2F)NC3=CC=C(C=C3)C(=O)N4CCN(CC4)C5CC5,<rdkit.Chem.rdchem.Mol object at 0x7f54fba06ab0>,<rdkit.DataStructs.cDataStructs.ExplicitBitVect object at 0x7f54fba5c900>,0,0.8524590163934426,-11.321,-13 : -11
1810,67037357,[4-(2-Methoxyphenyl)piperazin-1-yl]-[4-[[4-(2-methyl-3-propan-2-ylimidazol-4-yl)pyrimidin-2-yl]amino]phenyl]methanone,CC1=NC=C(N1C(C)C)C2=NC(=NC=C2)NC3=CC=C(C=C3)C(=O)N4CCN(CC4)C5=CC=CC=C5OC,<rdkit.Chem.rdchem.Mol object at 0x7f54fba08f90>,<rdkit.DataStructs.cDataStructs.ExplicitBitVect object at 0x7f54fba5ed50>,0,0.6666666666666667,-11.296,-13 : -11
2798,154486125,[(3S)-3-(azepan-1-yl)pyrrolidin-1-yl]-[4-[[4-(2-methyl-3-propan-2-ylimidazol-4-yl)pyrimidin-2-yl]amino]phenyl]methanone,CC1=NC=C(N1C(C)C)C2=NC(=NC=C2)NC3=CC=C(C=C3)C(=O)N4CCC(C4)N5CCCCCC5,<rdkit.Chem.rdchem.Mol object at 0x7f54fba27920>,<rdkit.DataStructs.cDataStructs.ExplicitBitVect object at 0x7f54fba7d770>,0,0.8360655737704918,-11.286,-13 : -11
1769,67037217,"[4-[[5-Fluoro-4-(2-methyl-3-propan-2-ylimidazol-4-yl)pyrimidin-2-yl]amino]-2-methylphenyl]-(4-methyl-1,4-diazepan-1-yl)methanone",CC1=C(C=CC(=C1)NC2=NC=C(C(=N2)C3=CN=C(N3C(C)C)C)F)C(=O)N4CCCN(CC4)C,<rdkit.Chem.rdchem.Mol object at 0x7f54fba07c30>,<rdkit.DataStructs.cDataStructs.ExplicitBitVect object at 0x7f54fba5da80>,0,0.8852459016393442,-11.275,-13 : -11
2790,154486116,"(4-Cyclopropyl-1,4-diazepan-1-yl)-[4-[[4-(2-methyl-3-propan-2-ylimidazol-4-yl)pyrimidin-2-yl]amino]phenyl]methanone",CC1=NC=C(N1C(C)C)C2=NC(=NC=C2)NC3=CC=C(C=C3)C(=O)N4CCCN(CC4)C5CC5,<rdkit.Chem.rdchem.Mol object at 0x7f54fba275a0>,<rdkit.DataStructs.cDataStructs.ExplicitBitVect object at 0x7f54fba7d3f0>,0,0.7950819672131147,-11.272,-13 : -11
1855,67037578,[4-[[4-(2-Methyl-3-propan-2-ylimidazol-4-yl)pyrimidin-2-yl]amino]phenyl]-(4-pyrrolidin-1-ylpiperidin-1-yl)methanone,CC1=NC=C(N1C(C)C)C2=NC(=NC=C2)NC3=CC=C(C=C3)C(=O)N4CCC(CC4)N5CCCC5,<rdkit.Chem.rdchem.Mol object at 0x7f54fba0a340>,<rdkit.DataStructs.cDataStructs.ExplicitBitVect object at 0x7f54fba60190>,0,0.7950819672131147,-11.251,-13 : -11
2802,154486129,"(4-Ethyl-1,4-diazepan-1-yl)-[4-[[5-fluoro-4-(2-methyl-3-propan-2-ylimidazol-4-yl)pyrimidin-2-yl]amino]phenyl]methanone",CCN1CCCN(CC1)C(=O)C2=CC=C(C=C2)NC3=NC=C(C(=N3)C4=CN=C(N4C(C)C)C)F,<rdkit.Chem.rdchem.Mol object at 0x7f54fba27ae0>,<rdkit.DataStructs.cDataStructs.ExplicitBitVect object at 0x7f54fba7d930>,0,0.8360655737704918,-11.244,-13 : -11
1768,67037208,"[4-[[5-Fluoro-4-(2-methyl-3-propan-2-ylimidazol-4-yl)pyrimidin-2-yl]amino]phenyl]-(1,4-oxazepan-4-yl)methanone",CC1=NC=C(N1C(C)C)C2=NC(=NC=C2F)NC3=CC=C(C=C3)C(=O)N4CCCOCC4,<rdkit.Chem.rdchem.Mol object at 0x7f54fba07bc0>,<rdkit.DataStructs.cDataStructs.ExplicitBitVect object at 0x7f54fba5da10>,0,0.8524590163934426,-11.232,-13 : -11
360,16123446,[4-[[5-Fluoro-4-(2-methyl-3-propan-2-ylimidazol-4-yl)pyrimidin-2-yl]amino]phenyl]-phenylmethanone,CC1=NC=C(N1C(C)C)C2=NC(=NC=C2F)NC3=CC=C(C=C3)C(=O)C4=CC=CC=C4,<rdkit.Chem.rdchem.Mol object at 0x7f54fbbdaf80>,<rdkit.DataStructs.cDataStructs.ExplicitBitVect object at 0x7f54fba34dd0>,0,0.8360655737704918,-11.232,-13 : -11
1809,67037356,[(2S)-2-(anilinomethyl)pyrrolidin-1-yl]-[4-[[4-(2-methyl-3-propan-2-ylimidazol-4-yl)pyrimidin-2-yl]amino]phenyl]methanone,CC1=NC=C(N1C(C)C)C2=NC(=NC=C2)NC3=CC=C(C=C3)C(=O)N4CCCC4CNC5=CC=CC=C5,<rdkit.Chem.rdchem.Mol object at 0x7f54fba08f20>,<rdkit.DataStructs.cDataStructs.ExplicitBitVect object at 0x7f54fba5ece0>,0,0.6338797814207651,-11.23,-13 : -11
1835,67037449,"[2-Chloro-4-[[4-(2-methyl-3-propan-2-ylimidazol-4-yl)pyrimidin-2-yl]amino]phenyl]-(4-methyl-1,4-diazepan-1-yl)methanone",CC1=NC=C(N1C(C)C)C2=NC(=NC=C2)NC3=CC(=C(C=C3)C(=O)N4CCCN(CC4)C)Cl,<rdkit.Chem.rdchem.Mol object at 0x7f54fba09a80>,<rdkit.DataStructs.cDataStructs.ExplicitBitVect object at 0x7f54fba5f840>,0,0.639344262295082,-11.224,-13 : -11
1256,25176840,(4-(5-fluoro-4-(1-isopropyl-2-methyl-1H-imidazol-5-yl)pyrimidin-2-ylamino)phenyl)(4-methylpiperazin-1-yl)methanone,CC1=NC=C(N1C(C)C)C2=NC(=NC=C2F)NC3=CC=C(C=C3)C(=O)N4CCN(CC4)C,<rdkit.Chem.rdchem.Mol object at 0x7f54fb9f94d0>,<rdkit.DataStructs.cDataStructs.ExplicitBitVect object at 0x7f54fba4f290>,0,0.8852459016393442,-11.223,-13 : -11
381,16667321,"[4-(4-Imidazo[1,2-alpha]pyridin-3-yl-pyrimidin-2-ylamino)-phenyl]-morpholin-4-yl-methanone",C1COCCN1C(=O)C2=CC=C(C=C2)NC3=NC=CC(=N3)C4=CN=C5N4C=CC=C5,<rdkit.Chem.rdchem.Mol object at 0x7f54fbbdbdf0>,<rdkit.DataStructs.cDataStructs.ExplicitBitVect object at 0x7f54fba35c40>,0,0.6069310100975923,-11.217,-13 : -11
365,16123562,[4-[[5-Fluoro-4-(2-methyl-3-propan-2-ylimidazol-4-yl)pyrimidin-2-yl]amino]-2-methylsulfonylphenyl]-(4-methylpiperazin-1-yl)methanone,CC1=NC=C(N1C(C)C)C2=NC(=NC=C2F)NC3=CC(=C(C=C3)C(=O)N4CCN(CC4)C)S(=O)(=O)C,<rdkit.Chem.rdchem.Mol object at 0x7f54fbbdb3e0>,<rdkit.DataStructs.cDataStructs.ExplicitBitVect object at 0x7f54fba35230>,0,0.7704918032786885,-11.215,-13 : -11
1863,67037796,[4-[[5-Chloro-4-(2-methyl-3-propan-2-ylimidazol-4-yl)pyrimidin-2-yl]amino]phenyl]-(4-methylpiperazin-1-yl)methanone,CC1=NC=C(N1C(C)C)C2=NC(=NC=C2Cl)NC3=CC=C(C=C3)C(=O)N4CCN(CC4)C,<rdkit.Chem.rdchem.Mol object at 0x7f54fba0a6c0>,<rdkit.DataStructs.cDataStructs.ExplicitBitVect object at 0x7f54fba60510>,0,0.6885245901639344,-11.215,-13 : -11
1830,67037420,[4-[[4-(2-methyl-3-propan-2-ylimidazol-4-yl)pyrimidin-2-yl]amino]phenyl]-[(3S)-3-piperidin-1-ylpyrrolidin-1-yl]methanone,CC1=NC=C(N1C(C)C)C2=NC(=NC=C2)NC3=CC=C(C=C3)C(=O)N4CCC(C4)N5CCCCC5,<rdkit.Chem.rdchem.Mol object at 0x7f54fba09850>,<rdkit.DataStructs.cDataStructs.ExplicitBitVect object at 0x7f54fba5f610>,0,0.8360655737704918,-11.199,-13 : -11
1747,67037084,"[(1S,4S)-2,5-Diazabicyclo[2.2.1]hept-5-yl]-[4-[[4-(2-methyl-3-propan-2-yl-3H-imidazol-4-yl)pyrimidin-2-yl]amino]phenyl]methanone",CC1=NC=C(N1C(C)C)C2=NC(=NC=C2)NC3=CC=C(C=C3)C(=O)N4CC5CC4CN5,<rdkit.Chem.rdchem.Mol object at 0x7f54fba070d0>,<rdkit.DataStructs.cDataStructs.ExplicitBitVect object at 0x7f54fba5cf20>,0,0.7213114754098361,-11.196,-13 : -11
367,16123566,[2-Chloro-4-[[5-fluoro-4-(2-methyl-3-propan-2-ylimidazol-4-yl)pyrimidin-2-yl]amino]phenyl]-(4-methylpiperazin-1-yl)methanone,CC1=NC=C(N1C(C)C)C2=NC(=NC=C2F)NC3=CC(=C(C=C3)C(=O)N4CCN(CC4)C)Cl,<rdkit.Chem.rdchem.Mol object at 0x7f54fbbdb5a0>,<rdkit.DataStructs.cDataStructs.ExplicitBitVect object at 0x7f54fba353f0>,0,0.8360655737704918,-11.171,-13 : -11
1998,69223661,"[4-[[5-fluoro-4-(2-methyl-3-propan-2-ylimidazol-4-yl)pyrimidin-2-yl]amino]phenyl]-[(1S,4S)-5-methyl-2,5-diazabicyclo[2.2.1]heptan-2-yl]methanone",CC1=NC=C(N1C(C)C)C2=NC(=NC=C2F)NC3=CC=C(C=C3)C(=O)N4CC5CC4CN5C,<rdkit.Chem.rdchem.Mol object at 0x7f54fba0e810>,<rdkit.DataStructs.cDataStructs.ExplicitBitVect object at 0x7f54fba64660>,0,0.9016393442622951,-11.157,-13 : -11
1734,67037030,[4-[[4-[3-(1-Cyclopropylethyl)-2-methylimidazol-4-yl]pyrimidin-2-yl]amino]phenyl]-(4-methylpiperazin-1-yl)methanone,CC1=NC=C(N1C(C)C2CC2)C3=NC(=NC=C3)NC4=CC=C(C=C4)C(=O)N5CCN(CC5)C,<rdkit.Chem.rdchem.Mol object at 0x7f54fba06b20>,<rdkit.DataStructs.cDataStructs.ExplicitBitVect object at 0x7f54fba5c970>,0,0.6560550997413233,-11.132,-13 : -11
1799,67037309,[4-[[5-Fluoro-4-(2-methyl-3-propan-2-ylimidazol-4-yl)pyrimidin-2-yl]amino]phenyl]-(8-oxa-3-azabicyclo[3.2.1]octan-3-yl)methanone,CC1=NC=C(N1C(C)C)C2=NC(=NC=C2F)NC3=CC=C(C=C3)C(=O)N4CC5CCC(C4)O5,<rdkit.Chem.rdchem.Mol object at 0x7f54fba08ac0>,<rdkit.DataStructs.cDataStructs.ExplicitBitVect object at 0x7f54fba5e880>,0,0.8688524590163934,-11.124,-13 : -11
1758,67037148,"[2-Fluoro-4-[[4-(2-methyl-3-propan-2-ylimidazol-4-yl)pyrimidin-2-yl]amino]phenyl]-(1,4-oxazepan-4-yl)methanone",CC1=NC=C(N1C(C)C)C2=NC(=NC=C2)NC3=CC(=C(C=C3)C(=O)N4CCCOCC4)F,<rdkit.Chem.rdchem.Mol object at 0x7f54fba07680>,<rdkit.DataStructs.cDataStructs.ExplicitBitVect object at 0x7f54fba5d4d0>,0,0.7868852459016393,-11.111,-13 : -11
1804,67037336,"(4-Methyl-1,4-diazepan-1-yl)-[2-methyl-4-[[4-(2-methyl-3-propan-2-ylimidazol-4-yl)pyrimidin-2-yl]amino]phenyl]methanone",CC1=C(C=CC(=C1)NC2=NC=CC(=N2)C3=CN=C(N3C(C)C)C)C(=O)N4CCCN(CC4)C,<rdkit.Chem.rdchem.Mol object at 0x7f54fba08cf0>,<rdkit.DataStructs.cDataStructs.ExplicitBitVect object at 0x7f54fba5eab0>,0,0.6885245901639344,-11.104,-13 : -11
1833,67037442,"(1,1-Dioxo-1,4-thiazinan-4-yl)-[4-[[4-(2-methyl-3-propan-2-ylimidazol-4-yl)pyrimidin-2-yl]amino]phenyl]methanone",CC1=NC=C(N1C(C)C)C2=NC(=NC=C2)NC3=CC=C(C=C3)C(=O)N4CCS(=O)(=O)CC4,<rdkit.Chem.rdchem.Mol object at 0x7f54fba099a0>,<rdkit.DataStructs.cDataStructs.ExplicitBitVect object at 0x7f54fba5f760>,0,0.8114754098360656,-11.091,-13 : -11
2765,146620584,[4-[[5-Fluoro-4-(2-methyl-3-propan-2-ylimidazol-4-yl)pyrimidin-2-yl]amino]phenyl]-(3-methylpyrrolidin-1-yl)methanone,CC1CCN(C1)C(=O)C2=CC=C(C=C2)NC3=NC=C(C(=N3)C4=CN=C(N4C(C)C)C)F,<rdkit.Chem.rdchem.Mol object at 0x7f54fba26ab0>,<rdkit.DataStructs.cDataStructs.ExplicitBitVect object at 0x7f54fba7c900>,0,0.9180327868852459,-11.064,-13 : -11
1764,67037191,[2-Methyl-4-[[4-(2-methyl-3-propan-2-ylimidazol-4-yl)pyrimidin-2-yl]amino]phenyl]-(4-methylpiperazin-1-yl)methanone,CC1=C(C=CC(=C1)NC2=NC=CC(=N2)C3=CN=C(N3C(C)C)C)C(=O)N4CCN(CC4)C,<rdkit.Chem.rdchem.Mol object at 0x7f54fba07a00>,<rdkit.DataStructs.cDataStructs.ExplicitBitVect object at 0x7f54fba5d850>,0,0.7049180327868853,-11.059,-13 : -11
1808,67037354,"[2-Chloro-4-[[5-fluoro-4-(2-methyl-3-propan-2-ylimidazol-4-yl)pyrimidin-2-yl]amino]phenyl]-(1,4-oxazepan-4-yl)methanone",CC1=NC=C(N1C(C)C)C2=NC(=NC=C2F)NC3=CC(=C(C=C3)C(=O)N4CCCOCC4)Cl,<rdkit.Chem.rdchem.Mol object at 0x7f54fba08eb0>,<rdkit.DataStructs.cDataStructs.ExplicitBitVect object at 0x7f54fba5ec70>,0,0.8360655737704918,-11.056,-13 : -11
1801,67037330,[4-[[5-Fluoro-4-(2-methyl-3-propan-2-ylimidazol-4-yl)pyrimidin-2-yl]amino]phenyl]-[2-(hydroxymethyl)piperidin-1-yl]methanone,CC1=NC=C(N1C(C)C)C2=NC(=NC=C2F)NC3=CC=C(C=C3)C(=O)N4CCCCC4CO,<rdkit.Chem.rdchem.Mol object at 0x7f54fba08ba0>,<rdkit.DataStructs.cDataStructs.ExplicitBitVect object at 0x7f54fba5e960>,0,0.8524590163934426,-11.042,-13 : -11
1790,67037270,"(2,5-Dimethylpiperazin-1-yl)-[4-[[5-fluoro-4-(2-methyl-3-propan-2-ylimidazol-4-yl)pyrimidin-2-yl]amino]phenyl]methanone",CC1CNC(CN1C(=O)C2=CC=C(C=C2)NC3=NC=C(C(=N3)C4=CN=C(N4C(C)C)C)F)C,<rdkit.Chem.rdchem.Mol object at 0x7f54fba086d0>,<rdkit.DataStructs.cDataStructs.ExplicitBitVect object at 0x7f54fba5e490>,0,0.8852459016393442,-11.032,-13 : -11
1789,67037269,"[(2R,5S)-2,5-dimethylpiperazin-1-yl]-[4-[[5-fluoro-4-(2-methyl-3-propan-2-ylimidazol-4-yl)pyrimidin-2-yl]amino]phenyl]methanone",CC1CNC(CN1C(=O)C2=CC=C(C=C2)NC3=NC=C(C(=N3)C4=CN=C(N4C(C)C)C)F)C,<rdkit.Chem.rdchem.Mol object at 0x7f54fba08660>,<rdkit.DataStructs.cDataStructs.ExplicitBitVect object at 0x7f54fba5e420>,0,0.8852459016393442,-11.032,-13 : -11
1788,67037268,"[(2S,5R)-2,5-dimethylpiperazin-1-yl]-[4-[[5-fluoro-4-(2-methyl-3-propan-2-ylimidazol-4-yl)pyrimidin-2-yl]amino]phenyl]methanone",CC1CNC(CN1C(=O)C2=CC=C(C=C2)NC3=NC=C(C(=N3)C4=CN=C(N4C(C)C)C)F)C,<rdkit.Chem.rdchem.Mol object at 0x7f54fba085f0>,<rdkit.DataStructs.cDataStructs.ExplicitBitVect object at 0x7f54fba5e3b0>,0,0.8852459016393442,-11.032,-13 : -11
345,15940282,"(4-Methyl-1,4-diazepan-1-yl)-[4-[[4-(2-methyl-3-propan-2-ylimidazol-4-yl)pyrimidin-2-yl]amino]phenyl]methanone",CC1=NC=C(N1C(C)C)C2=NC(=NC=C2)NC3=CC=C(C=C3)C(=O)N4CCCN(CC4)C,<rdkit.Chem.rdchem.Mol object at 0x7f54fbbda7a0>,<rdkit.DataStructs.cDataStructs.ExplicitBitVect object at 0x7f54fba345f0>,0,0.819672131147541,-11.029,-13 : -11
1737,67037043,[4-[[5-Fluoro-4-(2-methyl-3-propan-2-ylimidazol-4-yl)pyrimidin-2-yl]amino]-2-methylphenyl]-(4-methylpiperazin-1-yl)methanone,CC1=C(C=CC(=C1)NC2=NC=C(C(=N2)C3=CN=C(N3C(C)C)C)F)C(=O)N4CCN(CC4)C,<rdkit.Chem.rdchem.Mol object at 0x7f54fba06c70>,<rdkit.DataStructs.cDataStructs.ExplicitBitVect object at 0x7f54fba5cac0>,0,0.8688524590163934,-11.022,-13 : -11
1816,67037381,"(1,1-Dihydroxy-1,4-thiazinan-4-yl)-[4-[[5-fluoro-4-(2-methyl-3-propan-2-ylimidazol-4-yl)pyrimidin-2-yl]amino]phenyl]methanone",CC1=NC=C(N1C(C)C)C2=NC(=NC=C2F)NC3=CC=C(C=C3)C(=O)N4CCS(CC4)(O)O,<rdkit.Chem.rdchem.Mol object at 0x7f54fba09230>,<rdkit.DataStructs.cDataStructs.ExplicitBitVect object at 0x7f54fba5eff0>,0,0.8852459016393442,-11.016,-13 : -11
1738,67037047,"[4-[[5-Fluoro-4-(2-methyl-3-propan-2-ylimidazol-4-yl)pyrimidin-2-yl]amino]phenyl]-[4-(2-hydroxyethyl)-1,4-diazepan-1-yl]methanone",CC1=NC=C(N1C(C)C)C2=NC(=NC=C2F)NC3=CC=C(C=C3)C(=O)N4CCCN(CC4)CCO,<rdkit.Chem.rdchem.Mol object at 0x7f54fba06ce0>,<rdkit.DataStructs.cDataStructs.ExplicitBitVect object at 0x7f54fba5cb30>,0,0.8688524590163934,-10.995,>-11
1727,67036823,[4-[[4-(2-Methyl-3-propan-2-ylimidazol-4-yl)pyrimidin-2-yl]amino]phenyl]-(3-methylsulfonylpyrrolidin-1-yl)methanone,CC1=NC=C(N1C(C)C)C2=NC(=NC=C2)NC3=CC=C(C=C3)C(=O)N4CCC(C4)S(=O)(=O)C,<rdkit.Chem.rdchem.Mol object at 0x7f54fba06810>,<rdkit.DataStructs.cDataStructs.ExplicitBitVect object at 0x7f54fba5c660>,0,0.8032786885245902,-10.978,>-11
1739,67037050,"[2-Fluoro-4-[[5-fluoro-4-(2-methyl-3-propan-2-ylimidazol-4-yl)pyrimidin-2-yl]amino]phenyl]-(1,4-oxazepan-4-yl)methanone",CC1=NC=C(N1C(C)C)C2=NC(=NC=C2F)NC3=CC(=C(C=C3)C(=O)N4CCCOCC4)F,<rdkit.Chem.rdchem.Mol object at 0x7f54fba06d50>,<rdkit.DataStructs.cDataStructs.ExplicitBitVect object at 0x7f54fba5cba0>,0,0.8360655737704918,-10.976,>-11
328,11856187,[5-[[5-chloro-4-(2-methyl-3-propan-2-ylimidazol-4-yl)pyrimidin-2-yl]amino]pyridin-2-yl]-[(3S)-3-(dimethylamino)pyrrolidin-1-yl]methanone,CC1=NC=C(N1C(C)C)C2=NC(=NC=C2Cl)NC3=CN=C(C=C3)C(=O)N4CCC(C4)N(C)C,<rdkit.Chem.rdchem.Mol object at 0x7f54fbbda030>,<rdkit.DataStructs.cDataStructs.ExplicitBitVect object at 0x7f54fba33df0>,0,0.6010928961748634,-10.971,>-11
1770,67037223,[2-Chloro-4-[[4-(2-methyl-3-propan-2-ylimidazol-4-yl)pyrimidin-2-yl]amino]phenyl]-(4-methylpiperazin-1-yl)methanone,CC1=NC=C(N1C(C)C)C2=NC(=NC=C2)NC3=CC(=C(C=C3)C(=O)N4CCN(CC4)C)Cl,<rdkit.Chem.rdchem.Mol object at 0x7f54fba07ca0>,<rdkit.DataStructs.cDataStructs.ExplicitBitVect object at 0x7f54fba5daf0>,0,0.6557377049180327,-10.971,>-11
1864,67037927,[4-[[4-(3-cyclobutyl-2-methylimidazol-4-yl)pyrimidin-2-yl]amino]phenyl]-[(3R)-3-(dimethylamino)pyrrolidin-1-yl]methanone,CC1=NC=C(N1C2CCC2)C3=NC(=NC=C3)NC4=CC=C(C=C4)C(=O)N5CCC(C5)N(C)C,<rdkit.Chem.rdchem.Mol object at 0x7f54fba0a730>,<rdkit.DataStructs.cDataStructs.ExplicitBitVect object at 0x7f54fba60580>,0,0.6334844785490059,-10.968,>-11
1856,67037603,[4-[[4-(3-cyclobutyl-2-methylimidazol-4-yl)pyrimidin-2-yl]amino]phenyl]-[(3S)-3-(dimethylamino)pyrrolidin-1-yl]methanone,CC1=NC=C(N1C2CCC2)C3=NC(=NC=C3)NC4=CC=C(C=C4)C(=O)N5CCC(C5)N(C)C,<rdkit.Chem.rdchem.Mol object at 0x7f54fba0a3b0>,<rdkit.DataStructs.cDataStructs.ExplicitBitVect object at 0x7f54fba60200>,0,0.6334844785490059,-10.968,>-11
355,16113480,"[4-[[4-(2-Methyl-3-propan-2-ylimidazol-4-yl)pyrimidin-2-yl]amino]phenyl]-(4-propan-2-yl-1,4-diazepan-1-yl)methanone",CC1=NC=C(N1C(C)C)C2=NC(=NC=C2)NC3=CC=C(C=C3)C(=O)N4CCCN(CC4)C(C)C,<rdkit.Chem.rdchem.Mol object at 0x7f54fbbdace0>,<rdkit.DataStructs.cDataStructs.ExplicitBitVect object at 0x7f54fba34b30>,0,0.8278688524590164,-10.963,>-11
1811,67037358,(4-Cyclopropylpiperazin-1-yl)-[4-[[4-(2-methyl-3-propan-2-ylimidazol-4-yl)pyrimidin-2-yl]amino]phenyl]methanone,CC1=NC=C(N1C(C)C)C2=NC(=NC=C2)NC3=CC=C(C=C3)C(=O)N4CCN(CC4)C5CC5,<rdkit.Chem.rdchem.Mol object at 0x7f54fba09000>,<rdkit.DataStructs.cDataStructs.ExplicitBitVect object at 0x7f54fba5edc0>,0,0.7950819672131147,-10.956,>-11
2805,154486132,[(3S)-3-[cyclopropylmethyl(methyl)amino]pyrrolidin-1-yl]-[4-[[4-(2-methyl-3-propan-2-ylimidazol-4-yl)pyrimidin-2-yl]amino]phenyl]methanone,CC1=NC=C(N1C(C)C)C2=NC(=NC=C2)NC3=CC=C(C=C3)C(=O)N4CCC(C4)N(C)CC5CC5,<rdkit.Chem.rdchem.Mol object at 0x7f54fba27c30>,<rdkit.DataStructs.cDataStructs.ExplicitBitVect object at 0x7f54fba7da80>,0,0.8114754098360656,-10.947,>-11
1793,67037285,[4-[[4-(2-Methyl-3-propan-2-ylimidazol-4-yl)pyrimidin-2-yl]amino]phenyl]-[4-(2-pyrrolidin-1-ylethyl)piperazin-1-yl]methanone,CC1=NC=C(N1C(C)C)C2=NC(=NC=C2)NC3=CC=C(C=C3)C(=O)N4CCN(CC4)CCN5CCCC5,<rdkit.Chem.rdchem.Mol object at 0x7f54fba08820>,<rdkit.DataStructs.cDataStructs.ExplicitBitVect object at 0x7f54fba5e5e0>,0,0.8032786885245902,-10.937,>-11
1774,67037227,"[2-Fluoro-4-[[5-fluoro-4-(2-methyl-3-propan-2-ylimidazol-4-yl)pyrimidin-2-yl]amino]phenyl]-(4-methyl-1,4-diazepan-1-yl)methanone",CC1=NC=C(N1C(C)C)C2=NC(=NC=C2F)NC3=CC(=C(C=C3)C(=O)N4CCCN(CC4)C)F,<rdkit.Chem.rdchem.Mol object at 0x7f54fba07e60>,<rdkit.DataStructs.cDataStructs.ExplicitBitVect object at 0x7f54fba5dcb0>,0,0.8852459016393442,-10.936,>-11
358,16113483,"[4-[[5-Fluoro-4-(2-methyl-3-propan-2-ylimidazol-4-yl)pyrimidin-2-yl]amino]phenyl]-(4-propan-2-yl-1,4-diazepan-1-yl)methanone",CC1=NC=C(N1C(C)C)C2=NC(=NC=C2F)NC3=CC=C(C=C3)C(=O)N4CCCN(CC4)C(C)C,<rdkit.Chem.rdchem.Mol object at 0x7f54fbbdae30>,<rdkit.DataStructs.cDataStructs.ExplicitBitVect object at 0x7f54fba34c80>,0,0.9180327868852459,-10.921,>-11
2796,154486122,[(3S)-3-(dimethylamino)pyrrolidin-1-yl]-[2-methyl-4-[[4-(2-methyl-3-propan-2-ylimidazol-4-yl)pyrimidin-2-yl]amino]phenyl]methanone,CC1=C(C=CC(=C1)NC2=NC=CC(=N2)C3=CN=C(N3C(C)C)C)C(=O)N4CCC(C4)N(C)C,<rdkit.Chem.rdchem.Mol object at 0x7f54fba27840>,<rdkit.DataStructs.cDataStructs.ExplicitBitVect object at 0x7f54fba7d690>,0,0.7459016393442623,-10.911,>-11
2794,154486120,[(3R)-3-(dimethylamino)pyrrolidin-1-yl]-[2-methyl-4-[[4-(2-methyl-3-propan-2-ylimidazol-4-yl)pyrimidin-2-yl]amino]phenyl]methanone,CC1=C(C=CC(=C1)NC2=NC=CC(=N2)C3=CN=C(N3C(C)C)C)C(=O)N4CCC(C4)N(C)C,<rdkit.Chem.rdchem.Mol object at 0x7f54fba27760>,<rdkit.DataStructs.cDataStructs.ExplicitBitVect object at 0x7f54fba7d5b0>,0,0.7459016393442623,-10.911,>-11
1821,67037394,"[4-[[5-Chloro-4-(2-methyl-3-propan-2-ylimidazol-4-yl)pyrimidin-2-yl]amino]phenyl]-(4-propan-2-yl-1,4-diazepan-1-yl)methanone",CC1=NC=C(N1C(C)C)C2=NC(=NC=C2Cl)NC3=CC=C(C=C3)C(=O)N4CCCN(CC4)C(C)C,<rdkit.Chem.rdchem.Mol object at 0x7f54fba09460>,<rdkit.DataStructs.cDataStructs.ExplicitBitVect object at 0x7f54fba5f220>,0,0.7377049180327869,-10.906,>-11
1728,67036878,[2-Methyl-4-[[4-(2-methyl-3-propan-2-ylimidazol-4-yl)pyrimidin-2-yl]amino]phenyl]-morpholin-4-ylmethanone,CC1=C(C=CC(=C1)NC2=NC=CC(=N2)C3=CN=C(N3C(C)C)C)C(=O)N4CCOCC4,<rdkit.Chem.rdchem.Mol object at 0x7f54fba06880>,<rdkit.DataStructs.cDataStructs.ExplicitBitVect object at 0x7f54fba5c6d0>,0,0.7868852459016393,-10.888,>-11
1860,67037640,[4-[[4-(2-Methyl-3-propan-2-ylimidazol-4-yl)pyrimidin-2-yl]amino]phenyl]-(8-oxa-3-azabicyclo[3.2.1]octan-3-yl)methanone,CC1=NC=C(N1C(C)C)C2=NC(=NC=C2)NC3=CC=C(C=C3)C(=O)N4CC5CCC(C4)O5,<rdkit.Chem.rdchem.Mol object at 0x7f54fba0a570>,<rdkit.DataStructs.cDataStructs.ExplicitBitVect object at 0x7f54fba603c0>,0,0.8524590163934426,-10.882,>-11
1849,67037568,[4-[[4-(2-Methyl-3-propan-2-ylimidazol-4-yl)pyrimidin-2-yl]amino]phenyl]-(4-propan-2-ylpiperazin-1-yl)methanone,CC1=NC=C(N1C(C)C)C2=NC(=NC=C2)NC3=CC=C(C=C3)C(=O)N4CCN(CC4)C(C)C,<rdkit.Chem.rdchem.Mol object at 0x7f54fba0a0a0>,<rdkit.DataStructs.cDataStructs.ExplicitBitVect object at 0x7f54fba5fe60>,0,0.8442622950819673,-10.88,>-11
1842,67037541,"[2-Chloro-4-[[4-(2-methyl-3-propan-2-ylimidazol-4-yl)pyrimidin-2-yl]amino]phenyl]-(1,4-oxazepan-4-yl)methanone",CC1=NC=C(N1C(C)C)C2=NC(=NC=C2)NC3=CC(=C(C=C3)C(=O)N4CCCOCC4)Cl,<rdkit.Chem.rdchem.Mol object at 0x7f54fba09d90>,<rdkit.DataStructs.cDataStructs.ExplicitBitVect object at 0x7f54fba5fb50>,0,0.7704918032786885,-10.878,>-11
1818,67037389,[4-(Dimethylamino)piperidin-1-yl]-[4-[[4-(2-methyl-3-propan-2-ylimidazol-4-yl)pyrimidin-2-yl]amino]phenyl]methanone,CC1=NC=C(N1C(C)C)C2=NC(=NC=C2)NC3=CC=C(C=C3)C(=O)N4CCC(CC4)N(C)C,<rdkit.Chem.rdchem.Mol object at 0x7f54fba09310>,<rdkit.DataStructs.cDataStructs.ExplicitBitVect object at 0x7f54fba5f0d0>,0,0.7868852459016393,-10.869,>-11
2719,143435129,[4-[[4-(2-Methyl-3-propan-2-ylimidazol-4-yl)-5-phosphanylpyrimidin-2-yl]amino]phenyl]-phenylmethanone,CC1=NC=C(N1C(C)C)C2=NC(=NC=C2P)NC3=CC=C(C=C3)C(=O)C4=CC=CC=C4,<rdkit.Chem.rdchem.Mol object at 0x7f54fba250e0>,<rdkit.DataStructs.cDataStructs.ExplicitBitVect object at 0x7f54fba7aea0>,0,0.639344262295082,-10.857,>-11
1786,67037262,[4-[[5-chloro-4-(2-methyl-3-propan-2-ylimidazol-4-yl)pyrimidin-2-yl]amino]phenyl]-[(3R)-3-(methylamino)pyrrolidin-1-yl]methanone,CC1=NC=C(N1C(C)C)C2=NC(=NC=C2Cl)NC3=CC=C(C=C3)C(=O)N4CCC(C4)NC,<rdkit.Chem.rdchem.Mol object at 0x7f54fba08510>,<rdkit.DataStructs.cDataStructs.ExplicitBitVect object at 0x7f54fba5e2d0>,0,0.7704918032786885,-10.845,>-11
1853,67037574,[4-[[5-chloro-4-(2-methyl-3-propan-2-ylimidazol-4-yl)pyrimidin-2-yl]amino]phenyl]-[(3S)-3-(methylamino)pyrrolidin-1-yl]methanone,CC1=NC=C(N1C(C)C)C2=NC(=NC=C2Cl)NC3=CC=C(C=C3)C(=O)N4CCC(C4)NC,<rdkit.Chem.rdchem.Mol object at 0x7f54fba0a260>,<rdkit.DataStructs.cDataStructs.ExplicitBitVect object at 0x7f54fba600b0>,0,0.7704918032786885,-10.845,>-11
1750,67037108,[4-[[4-(3-Cyclobutyl-2-methylimidazol-4-yl)pyrimidin-2-yl]amino]-2-methylphenyl]-morpholin-4-ylmethanone,CC1=C(C=CC(=C1)NC2=NC=CC(=N2)C3=CN=C(N3C4CCC4)C)C(=O)N5CCOCC5,<rdkit.Chem.rdchem.Mol object at 0x7f54fba07300>,<rdkit.DataStructs.cDataStructs.ExplicitBitVect object at 0x7f54fba5d150>,0,0.5593337882659133,-10.84,>-11
1772,67037225,[2-Fluoro-4-[[4-(2-methyl-3-propan-2-ylimidazol-4-yl)pyrimidin-2-yl]amino]phenyl]-(4-methylpiperazin-1-yl)methanone,CC1=NC=C(N1C(C)C)C2=NC(=NC=C2)NC3=CC(=C(C=C3)C(=O)N4CCN(CC4)C)F,<rdkit.Chem.rdchem.Mol object at 0x7f54fba07d80>,<rdkit.DataStructs.cDataStructs.ExplicitBitVect object at 0x7f54fba5dbd0>,0,0.7213114754098361,-10.817,>-11
1861,67037651,"[2-Methyl-4-[[4-(2-methyl-3-propan-2-ylimidazol-4-yl)pyrimidin-2-yl]amino]phenyl]-(1,4-oxazepan-4-yl)methanone",CC1=C(C=CC(=C1)NC2=NC=CC(=N2)C3=CN=C(N3C(C)C)C)C(=O)N4CCCOCC4,<rdkit.Chem.rdchem.Mol object at 0x7f54fba0a5e0>,<rdkit.DataStructs.cDataStructs.ExplicitBitVect object at 0x7f54fba60430>,0,0.7704918032786885,-10.81,>-11
357,16113482,[(3S)-3-(dimethylamino)pyrrolidin-1-yl]-[2-fluoro-4-[[5-fluoro-4-(2-methyl-3-propan-2-ylimidazol-4-yl)pyrimidin-2-yl]amino]phenyl]methanone,CC1=NC=C(N1C(C)C)C2=NC(=NC=C2F)NC3=CC(=C(C=C3)C(=O)N4CCC(C4)N(C)C)F,<rdkit.Chem.rdchem.Mol object at 0x7f54fbbdadc0>,<rdkit.DataStructs.cDataStructs.ExplicitBitVect object at 0x7f54fba34c10>,0,0.8469945355191257,-10.806,>-11
1765,67037196,[(3R)-3-(dimethylamino)pyrrolidin-1-yl]-[2-fluoro-4-[[5-fluoro-4-(2-methyl-3-propan-2-ylimidazol-4-yl)pyrimidin-2-yl]amino]phenyl]methanone,CC1=NC=C(N1C(C)C)C2=NC(=NC=C2F)NC3=CC(=C(C=C3)C(=O)N4CCC(C4)N(C)C)F,<rdkit.Chem.rdchem.Mol object at 0x7f54fba07a70>,<rdkit.DataStructs.cDataStructs.ExplicitBitVect object at 0x7f54fba5d8c0>,0,0.8469945355191257,-10.806,>-11
1311,44563116,(4-(4-(1-isopropyl-2-methyl-1H-imidazol-5-yl)pyrimidin-2-ylamino)phenyl)(4-methylpiperazin-1-yl)methanone,CC1=NC=C(N1C(C)C)C2=NC(=NC=C2)NC3=CC=C(C=C3)C(=O)N4CCN(CC4)C,<rdkit.Chem.rdchem.Mol object at 0x7f54fb9face0>,<rdkit.DataStructs.cDataStructs.ExplicitBitVect object at 0x7f54fba50b30>,0,0.8360655737704918,-10.805,>-11
1848,67037567,[4-[[5-Fluoro-4-[2-methyl-1-(1-methylethyl)-1H-imidazol-5-yl]-2-pyrimidinyl]amino]phenyl][(3S)-3-(methylamino)-1-pyrrolidinyl]-methanone,CC1=NC=C(N1C(C)C)C2=NC(=NC=C2F)NC3=CC=C(C=C3)C(=O)N4CCC(C4)NC,<rdkit.Chem.rdchem.Mol object at 0x7f54fba0a030>,<rdkit.DataStructs.cDataStructs.ExplicitBitVect object at 0x7f54fba5fdf0>,0,0.9508196721311475,-10.794,>-11
359,16113484,(S)-(4-((5-Fluoro-4-(1-isopropyl-2-methyl-1H-imidazol-5-yl)pyrimidin-2-yl)amino)phenyl)(3-(methylamino)pyrrolidin-1-yl)methanone,CC1=NC=C(N1C(C)C)C2=NC(=NC=C2F)NC3=CC=C(C=C3)C(=O)N4CCC(C4)NC,<rdkit.Chem.rdchem.Mol object at 0x7f54fbbdaea0>,<rdkit.DataStructs.cDataStructs.ExplicitBitVect object at 0x7f54fba34cf0>,0,0.9508196721311475,-10.794,>-11
2791,154486117,"1,4-Diazepan-1-yl-[4-[[4-(2-methyl-3-propan-2-ylimidazol-4-yl)pyrimidin-2-yl]amino]phenyl]methanone",CC1=NC=C(N1C(C)C)C2=NC(=NC=C2)NC3=CC=C(C=C3)C(=O)N4CCCNCC4,<rdkit.Chem.rdchem.Mol object at 0x7f54fba27610>,<rdkit.DataStructs.cDataStructs.ExplicitBitVect object at 0x7f54fba7d460>,0,0.8114754098360656,-10.788,>-11
1791,67037277,"[4-[[4-(2-Methyl-3-propan-2-ylimidazol-4-yl)pyrimidin-2-yl]amino]phenyl]-(1,4-oxazepan-4-yl)methanone",CC1=NC=C(N1C(C)C)C2=NC(=NC=C2)NC3=CC=C(C=C3)C(=O)N4CCCOCC4,<rdkit.Chem.rdchem.Mol object at 0x7f54fba08740>,<rdkit.DataStructs.cDataStructs.ExplicitBitVect object at 0x7f54fba5e500>,0,0.8852459016393442,-10.787,>-11
2255,86624617,[4-[[4-(2-Methyl-3-propan-2-yl-3H-imidazol-4-yl)pyrimidin-2-yl]amino]phenyl]-[(3R)-3-methylsulfonyloxypyrrolidin-1-yl]methanone,CC1=NC=C(N1C(C)C)C2=NC(=NC=C2)NC3=CC=C(C=C3)C(=O)N4CCC(C4)OS(=O)(=O)C,<rdkit.Chem.rdchem.Mol object at 0x7f54fba16570>,<rdkit.DataStructs.cDataStructs.ExplicitBitVect object at 0x7f54fba6c3c0>,0,0.7868852459016393,-10.783,>-11
1746,67037080,[4-[2-(Dimethylamino)ethyl]piperazin-1-yl]-[4-[[5-fluoro-4-(2-methyl-3-propan-2-ylimidazol-4-yl)pyrimidin-2-yl]amino]phenyl]methanone,CC1=NC=C(N1C(C)C)C2=NC(=NC=C2F)NC3=CC=C(C=C3)C(=O)N4CCN(CC4)CCN(C)C,<rdkit.Chem.rdchem.Mol object at 0x7f54fba07060>,<rdkit.DataStructs.cDataStructs.ExplicitBitVect object at 0x7f54fba5ceb0>,0,0.8852459016393442,-10.746,>-11
2801,154486128,"(4-Ethyl-1,4-diazepan-1-yl)-[4-[[4-(2-methyl-3-propan-2-ylimidazol-4-yl)pyrimidin-2-yl]amino]phenyl]methanone",CCN1CCCN(CC1)C(=O)C2=CC=C(C=C2)NC3=NC=CC(=N3)C4=CN=C(N4C(C)C)C,<rdkit.Chem.rdchem.Mol object at 0x7f54fba27a70>,<rdkit.DataStructs.cDataStructs.ExplicitBitVect object at 0x7f54fba7d8c0>,0,0.7213114754098361,-10.736,>-11
1834,67037443,"(1,1-Dihydroxy-1,4-thiazinan-4-yl)-[4-[[4-(2-methyl-3-propan-2-ylimidazol-4-yl)pyrimidin-2-yl]amino]phenyl]methanone",CC1=NC=C(N1C(C)C)C2=NC(=NC=C2)NC3=CC=C(C=C3)C(=O)N4CCS(CC4)(O)O,<rdkit.Chem.rdchem.Mol object at 0x7f54fba09a10>,<rdkit.DataStructs.cDataStructs.ExplicitBitVect object at 0x7f54fba5f7d0>,0,0.8442622950819673,-10.728,>-11
1844,67037553,[4-[[4-(2-methyl-3-propan-2-ylimidazol-4-yl)pyrimidin-2-yl]amino]phenyl]-[(3S)-3-pyrrolidin-1-ylpyrrolidin-1-yl]methanone,CC1=NC=C(N1C(C)C)C2=NC(=NC=C2)NC3=CC=C(C=C3)C(=O)N4CCC(C4)N5CCCC5,<rdkit.Chem.rdchem.Mol object at 0x7f54fba09e70>,<rdkit.DataStructs.cDataStructs.ExplicitBitVect object at 0x7f54fba5fc30>,0,0.8360655737704918,-10.725,>-11
1862,67037724,[4-[[5-Fluoro-4-(2-methyl-3-propan-2-ylimidazol-4-yl)pyrimidin-2-yl]amino]phenyl]-(3-hydroxypyrrolidin-1-yl)methanone,CC1=NC=C(N1C(C)C)C2=NC(=NC=C2F)NC3=CC=C(C=C3)C(=O)N4CCC(C4)O,<rdkit.Chem.rdchem.Mol object at 0x7f54fba0a650>,<rdkit.DataStructs.cDataStructs.ExplicitBitVect object at 0x7f54fba604a0>,0,0.9180327868852459,-10.721,>-11
1751,67037115,[4-[[4-(2-methyl-3-propan-2-ylimidazol-4-yl)pyrimidin-2-yl]amino]phenyl]-[(3S)-3-(propan-2-ylamino)pyrrolidin-1-yl]methanone,CC1=NC=C(N1C(C)C)C2=NC(=NC=C2)NC3=CC=C(C=C3)C(=O)N4CCC(C4)NC(C)C,<rdkit.Chem.rdchem.Mol object at 0x7f54fba07370>,<rdkit.DataStructs.cDataStructs.ExplicitBitVect object at 0x7f54fba5d1c0>,0,0.9180327868852459,-10.717,>-11
1757,67037145,"[4-[[5-Fluoro-4-(2-methyl-3-propan-2-ylimidazol-4-yl)pyrimidin-2-yl]amino]-2-methylphenyl]-(1,4-oxazepan-4-yl)methanone",CC1=C(C=CC(=C1)NC2=NC=C(C(=N2)C3=CN=C(N3C(C)C)C)F)C(=O)N4CCCOCC4,<rdkit.Chem.rdchem.Mol object at 0x7f54fba07610>,<rdkit.DataStructs.cDataStructs.ExplicitBitVect object at 0x7f54fba5d460>,0,0.8360655737704918,-10.714,>-11
1819,67037390,(4-Hydroxypiperidin-1-yl)-[4-[[4-(2-methyl-3-propan-2-ylimidazol-4-yl)pyrimidin-2-yl]amino]phenyl]methanone,CC1=NC=C(N1C(C)C)C2=NC(=NC=C2)NC3=CC=C(C=C3)C(=O)N4CCC(CC4)O,<rdkit.Chem.rdchem.Mol object at 0x7f54fba09380>,<rdkit.DataStructs.cDataStructs.ExplicitBitVect object at 0x7f54fba5f140>,0,0.8278688524590164,-10.676,>-11
1847,67037561,"[4-[[4-(2-Methyl-3-propan-2-yl-3H-imidazol-4-yl)pyrimidin-2-yl]amino]phenyl]-[(1S,4S)-3-propan-2-yl-3,6-diazabicyclo[2.2.1]hept-6-yl]methanone",CC1=NC=C(N1C(C)C)C2=NC(=NC=C2)NC3=CC=C(C=C3)C(=O)N4CC5CC4CN5C(C)C,<rdkit.Chem.rdchem.Mol object at 0x7f54fba09fc0>,<rdkit.DataStructs.cDataStructs.ExplicitBitVect object at 0x7f54fba5fd80>,0,0.819672131147541,-10.672,>-11
1813,67037364,[4-[[4-(2-cyclopropyl-3-propan-2-ylimidazol-4-yl)pyrimidin-2-yl]amino]phenyl]-[(3R)-3-(dimethylamino)pyrrolidin-1-yl]methanone,CC(C)N1C(=CN=C1C2CC2)C3=NC(=NC=C3)NC4=CC=C(C=C4)C(=O)N5CCC(C5)N(C)C,<rdkit.Chem.rdchem.Mol object at 0x7f54fba090e0>,<rdkit.DataStructs.cDataStructs.ExplicitBitVect object at 0x7f54fba5eea0>,0,0.5001367956827283,-10.665,>-11
1846,67037560,[4-[[4-(2-cyclopropyl-3-propan-2-ylimidazol-4-yl)pyrimidin-2-yl]amino]phenyl]-[(3S)-3-(dimethylamino)pyrrolidin-1-yl]methanone,CC(C)N1C(=CN=C1C2CC2)C3=NC(=NC=C3)NC4=CC=C(C=C4)C(=O)N5CCC(C5)N(C)C,<rdkit.Chem.rdchem.Mol object at 0x7f54fba09f50>,<rdkit.DataStructs.cDataStructs.ExplicitBitVect object at 0x7f54fba5fd10>,0,0.5001367956827283,-10.665,>-11
1814,67037365,[4-[[4-(2-Cyclopropyl-3-propan-2-ylimidazol-4-yl)pyrimidin-2-yl]amino]phenyl]-[3-(dimethylamino)pyrrolidin-1-yl]methanone,CC(C)N1C(=CN=C1C2CC2)C3=NC(=NC=C3)NC4=CC=C(C=C4)C(=O)N5CCC(C5)N(C)C,<rdkit.Chem.rdchem.Mol object at 0x7f54fba09150>,<rdkit.DataStructs.cDataStructs.ExplicitBitVect object at 0x7f54fba5ef10>,0,0.5001367956827283,-10.665,>-11
1787,67037263,[2-Fluoro-4-[[4-(2-methyl-3-propan-2-ylimidazol-4-yl)pyrimidin-2-yl]amino]phenyl]-morpholin-4-ylmethanone,CC1=NC=C(N1C(C)C)C2=NC(=NC=C2)NC3=CC(=C(C=C3)C(=O)N4CCOCC4)F,<rdkit.Chem.rdchem.Mol object at 0x7f54fba08580>,<rdkit.DataStructs.cDataStructs.ExplicitBitVect object at 0x7f54fba5e340>,0,0.8032786885245902,-10.637,>-11
1843,67037543,[(3R)-3-(dimethylamino)pyrrolidin-1-yl]-[2-fluoro-4-[[4-(2-methyl-3-propan-2-ylimidazol-4-yl)pyrimidin-2-yl]amino]phenyl]methanone,CC1=NC=C(N1C(C)C)C2=NC(=NC=C2)NC3=CC(=C(C=C3)C(=O)N4CCC(C4)N(C)C)F,<rdkit.Chem.rdchem.Mol object at 0x7f54fba09e00>,<rdkit.DataStructs.cDataStructs.ExplicitBitVect object at 0x7f54fba5fbc0>,0,0.680327868852459,-10.634,>-11
2795,154486121,[(3S)-3-(dimethylamino)pyrrolidin-1-yl]-[2-fluoro-4-[[4-(2-methyl-3-propan-2-ylimidazol-4-yl)pyrimidin-2-yl]amino]phenyl]methanone,CC1=NC=C(N1C(C)C)C2=NC(=NC=C2)NC3=CC(=C(C=C3)C(=O)N4CCC(C4)N(C)C)F,<rdkit.Chem.rdchem.Mol object at 0x7f54fba277d0>,<rdkit.DataStructs.cDataStructs.ExplicitBitVect object at 0x7f54fba7d620>,0,0.680327868852459,-10.634,>-11
1305,44562737,((S)-3-(cyclopropylamino)pyrrolidin-1-yl)(4-(4-(1-isopropyl-2-methyl-1H-imidazol-5-yl)pyrimidin-2-ylamino)phenyl)methanone,CC1=NC=C(N1C(C)C)C2=NC(=NC=C2)NC3=CC=C(C=C3)C(=O)N4CCC(C4)NC5CC5,<rdkit.Chem.rdchem.Mol object at 0x7f54fb9faa40>,<rdkit.DataStructs.cDataStructs.ExplicitBitVect object at 0x7f54fba50890>,0,0.9180327868852459,-10.627,>-11
1778,67037235,[4-[[4-(3-Cyclobutyl-2-methylimidazol-4-yl)pyrimidin-2-yl]amino]phenyl]-morpholin-4-ylmethanone,CC1=NC=C(N1C2CCC2)C3=NC(=NC=C3)NC4=CC=C(C=C4)C(=O)N5CCOCC5,<rdkit.Chem.rdchem.Mol object at 0x7f54fba080b0>,<rdkit.DataStructs.cDataStructs.ExplicitBitVect object at 0x7f54fba5de70>,0,0.6904813292495199,-10.62,>-11
1858,67037628,[4-[[5-Fluoro-4-(2-methyl-3-propan-2-ylimidazol-4-yl)pyrimidin-2-yl]amino]-2-methylphenyl]-morpholin-4-ylmethanone,CC1=C(C=CC(=C1)NC2=NC=C(C(=N2)C3=CN=C(N3C(C)C)C)F)C(=O)N4CCOCC4,<rdkit.Chem.rdchem.Mol object at 0x7f54fba0a490>,<rdkit.DataStructs.cDataStructs.ExplicitBitVect object at 0x7f54fba602e0>,0,0.8524590163934426,-10.619,>-11
1735,67037034,[4-[[5-chloro-4-(2-methyl-3-propan-2-ylimidazol-4-yl)pyrimidin-2-yl]amino]phenyl]-[(3R)-3-(dimethylamino)pyrrolidin-1-yl]methanone,CC1=NC=C(N1C(C)C)C2=NC(=NC=C2Cl)NC3=CC=C(C=C3)C(=O)N4CCC(C4)N(C)C,<rdkit.Chem.rdchem.Mol object at 0x7f54fba06b90>,<rdkit.DataStructs.cDataStructs.ExplicitBitVect object at 0x7f54fba5c9e0>,0,0.7049180327868853,-10.618,>-11
353,16113379,[4-[[5-chloro-4-(2-methyl-3-propan-2-ylimidazol-4-yl)pyrimidin-2-yl]amino]phenyl]-[(3S)-3-(dimethylamino)pyrrolidin-1-yl]methanone,CC1=NC=C(N1C(C)C)C2=NC(=NC=C2Cl)NC3=CC=C(C=C3)C(=O)N4CCC(C4)N(C)C,<rdkit.Chem.rdchem.Mol object at 0x7f54fbbdac00>,<rdkit.DataStructs.cDataStructs.ExplicitBitVect object at 0x7f54fba34a50>,0,0.7049180327868853,-10.618,>-11
1838,67037500,[(3R)-3-(dimethylamino)pyrrolidin-1-yl]-[4-[[5-fluoro-4-(2-methyl-3-propan-2-ylimidazol-4-yl)pyrimidin-2-yl]amino]-2-methylphenyl]methanone,CC1=C(C=CC(=C1)NC2=NC=C(C(=N2)C3=CN=C(N3C(C)C)C)F)C(=O)N4CCC(C4)N(C)C,<rdkit.Chem.rdchem.Mol object at 0x7f54fba09bd0>,<rdkit.DataStructs.cDataStructs.ExplicitBitVect object at 0x7f54fba5f990>,0,0.8852459016393442,-10.607,>-11
2789,154486115,"[4-(2-Hydroxyethyl)-1,4-diazepan-1-yl]-[4-[[4-(2-methyl-3-propan-2-ylimidazol-4-yl)pyrimidin-2-yl]amino]phenyl]methanone",CC1=NC=C(N1C(C)C)C2=NC(=NC=C2)NC3=CC=C(C=C3)C(=O)N4CCCN(CC4)CCO,<rdkit.Chem.rdchem.Mol object at 0x7f54fba27530>,<rdkit.DataStructs.cDataStructs.ExplicitBitVect object at 0x7f54fba7d380>,0,0.7868852459016393,-10.6,>-11
1832,67037440,"[4-[[5-fluoro-4-(2-methyl-3-propan-2-ylimidazol-4-yl)pyrimidin-2-yl]amino]phenyl]-[(1S,4S)-5-propyl-2,5-diazabicyclo[2.2.1]heptan-2-yl]methanone",CCCN1CC2CC1CN2C(=O)C3=CC=C(C=C3)NC4=NC=C(C(=N4)C5=CN=C(N5C(C)C)C)F,<rdkit.Chem.rdchem.Mol object at 0x7f54fba09930>,<rdkit.DataStructs.cDataStructs.ExplicitBitVect object at 0x7f54fba5f6f0>,0,0.8852459016393442,-10.595,>-11
1784,67037251,[(3S)-3-hydroxypiperidin-1-yl]-[4-[[4-(2-methyl-3-propan-2-ylimidazol-4-yl)pyrimidin-2-yl]amino]phenyl]methanone,CC1=NC=C(N1C(C)C)C2=NC(=NC=C2)NC3=CC=C(C=C3)C(=O)N4CCCC(C4)O,<rdkit.Chem.rdchem.Mol object at 0x7f54fba08350>,<rdkit.DataStructs.cDataStructs.ExplicitBitVect object at 0x7f54fba5e110>,0,0.8688524590163934,-10.58,>-11
1780,67037238,[(3R)-3-hydroxypiperidin-1-yl]-[4-[[4-(2-methyl-3-propan-2-ylimidazol-4-yl)pyrimidin-2-yl]amino]phenyl]methanone,CC1=NC=C(N1C(C)C)C2=NC(=NC=C2)NC3=CC=C(C=C3)C(=O)N4CCCC(C4)O,<rdkit.Chem.rdchem.Mol object at 0x7f54fba08190>,<rdkit.DataStructs.cDataStructs.ExplicitBitVect object at 0x7f54fba5df50>,0,0.8688524590163934,-10.58,>-11
361,16123448,[4-[[5-Fluoro-4-(2-methyl-3-propan-2-ylimidazol-4-yl)pyrimidin-2-yl]amino]phenyl]-pyridin-2-ylmethanone,CC1=NC=C(N1C(C)C)C2=NC(=NC=C2F)NC3=CC=C(C=C3)C(=O)C4=CC=CC=N4,<rdkit.Chem.rdchem.Mol object at 0x7f54fbbdb060>,<rdkit.DataStructs.cDataStructs.ExplicitBitVect object at 0x7f54fba34eb0>,0,0.819672131147541,-10.566,>-11
2533,123260392,[2-Chloro-4-[[5-fluoro-4-(2-methyl-3-propan-2-ylimidazol-4-yl)pyrimidin-2-yl]amino]phenyl]-morpholin-4-ylmethanone,CC1=NC=C(N1C(C)C)C2=NC(=NC=C2F)NC3=CC(=C(C=C3)C(=O)N4CCOCC4)Cl,<rdkit.Chem.rdchem.Mol object at 0x7f54fba1eff0>,<rdkit.DataStructs.cDataStructs.ExplicitBitVect object at 0x7f54fba74e40>,0,0.8524590163934426,-10.565,>-11
1761,67037182,"[(1S,4S)-3-Methyl-3,6-diazabicyclo[2.2.1]hept-6-yl]-[4-[[4-(2-methyl-3-propan-2-yl-3H-imidazol-4-yl)pyrimidin-2-yl]amino]phenyl]methanone",CC1=NC=C(N1C(C)C)C2=NC(=NC=C2)NC3=CC=C(C=C3)C(=O)N4CC5CC4CN5C,<rdkit.Chem.rdchem.Mol object at 0x7f54fba077d0>,<rdkit.DataStructs.cDataStructs.ExplicitBitVect object at 0x7f54fba5d620>,0,0.8032786885245902,-10.531,>-11
2800,154486127,"[4-(2-Methoxyethyl)-1,4-diazepan-1-yl]-[4-[[4-(2-methyl-3-propan-2-ylimidazol-4-yl)pyrimidin-2-yl]amino]phenyl]methanone",CC1=NC=C(N1C(C)C)C2=NC(=NC=C2)NC3=CC=C(C=C3)C(=O)N4CCCN(CC4)CCOC,<rdkit.Chem.rdchem.Mol object at 0x7f54fba27a00>,<rdkit.DataStructs.cDataStructs.ExplicitBitVect object at 0x7f54fba7d850>,0,0.7377049180327869,-10.476,>-11
2224,75059310,[3-(Dimethylamino)pyrrolidin-1-yl]-[4-[[5-fluoro-4-(2-methyl-3-propan-2-ylimidazol-4-yl)pyrimidin-2-yl]amino]phenyl]methanone,CC1=NC=C(N1C(C)C)C2=NC(=NC=C2F)NC3=CC=C(C=C3)C(=O)N4CCC(C4)N(C)C,<rdkit.Chem.rdchem.Mol object at 0x7f54fba15770>,<rdkit.DataStructs.cDataStructs.ExplicitBitVect object at 0x7f54fba6b530>,0,0.9344262295081968,-10.476,>-11
1303,44562683,((R)-3-(dimethylamino)pyrrolidin-1-yl)(4-(5-fluoro-4-(1-isopropyl-2-methyl-1H-imidazol-5-yl)pyrimidin-2-ylamino)phenyl)methanone,CC1=NC=C(N1C(C)C)C2=NC(=NC=C2F)NC3=CC=C(C=C3)C(=O)N4CCC(C4)N(C)C,<rdkit.Chem.rdchem.Mol object at 0x7f54fb9fa960>,<rdkit.DataStructs.cDataStructs.ExplicitBitVect object at 0x7f54fba507b0>,0,0.9344262295081968,-10.476,>-11
362,16123450,[4-[[5-Fluoro-4-(2-methyl-3-propan-2-ylimidazol-4-yl)pyrimidin-2-yl]amino]phenyl]-pyridin-3-ylmethanone,CC1=NC=C(N1C(C)C)C2=NC(=NC=C2F)NC3=CC=C(C=C3)C(=O)C4=CN=CC=C4,<rdkit.Chem.rdchem.Mol object at 0x7f54fbbdb140>,<rdkit.DataStructs.cDataStructs.ExplicitBitVect object at 0x7f54fba34f90>,0,0.8688524590163934,-10.472,>-11
1859,67037633,[2-Chloro-4-[[4-(2-methyl-3-propan-2-ylimidazol-4-yl)pyrimidin-2-yl]amino]phenyl]-morpholin-4-ylmethanone,CC1=NC=C(N1C(C)C)C2=NC(=NC=C2)NC3=CC(=C(C=C3)C(=O)N4CCOCC4)Cl,<rdkit.Chem.rdchem.Mol object at 0x7f54fba0a500>,<rdkit.DataStructs.cDataStructs.ExplicitBitVect object at 0x7f54fba60350>,0,0.7868852459016393,-10.459,>-11
369,16123570,[4-[[5-Fluoro-4-(2-methyl-3-propan-2-ylimidazol-4-yl)pyrimidin-2-yl]amino]phenyl]-pyridin-4-ylmethanone,CC1=NC=C(N1C(C)C)C2=NC(=NC=C2F)NC3=CC=C(C=C3)C(=O)C4=CC=NC=C4,<rdkit.Chem.rdchem.Mol object at 0x7f54fbbdb760>,<rdkit.DataStructs.cDataStructs.ExplicitBitVect object at 0x7f54fba355b0>,0,0.9016393442622951,-10.437,>-11
1771,67037224,[4-(2-Methoxyethyl)piperazin-1-yl]-[4-[[4-(2-methyl-3-propan-2-ylimidazol-4-yl)pyrimidin-2-yl]amino]phenyl]methanone,CC1=NC=C(N1C(C)C)C2=NC(=NC=C2)NC3=CC=C(C=C3)C(=O)N4CCN(CC4)CCOC,<rdkit.Chem.rdchem.Mol object at 0x7f54fba07d10>,<rdkit.DataStructs.cDataStructs.ExplicitBitVect object at 0x7f54fba5db60>,0,0.7540983606557377,-10.407,>-11
1754,67037130,[4-[[4-(2-Methyl-3-propan-2-ylimidazol-4-yl)pyrimidin-2-yl]amino]phenyl]-morpholin-4-ylmethanone,CC1=NC=C(N1C(C)C)C2=NC(=NC=C2)NC3=CC=C(C=C3)C(=O)N4CCOCC4,<rdkit.Chem.rdchem.Mol object at 0x7f54fba074c0>,<rdkit.DataStructs.cDataStructs.ExplicitBitVect object at 0x7f54fba5d310>,0,0.9016393442622951,-10.394,>-11
2803,154486130,[(3R)-3-(methylamino)pyrrolidin-1-yl]-[4-[[4-(2-methyl-3-propan-2-ylimidazol-4-yl)pyrimidin-2-yl]amino]phenyl]methanone,CC1=NC=C(N1C(C)C)C2=NC(=NC=C2)NC3=CC=C(C=C3)C(=O)N4CCC(C4)NC,<rdkit.Chem.rdchem.Mol object at 0x7f54fba27b50>,<rdkit.DataStructs.cDataStructs.ExplicitBitVect object at 0x7f54fba7d9a0>,0,0.9180327868852459,-10.384,>-11
1306,44562738,(4-(4-(1-isopropyl-2-methyl-1H-imidazol-5-yl)pyrimidin-2-ylamino)phenyl)((S)-3-(methylamino)pyrrolidin-1-yl)methanone,CC1=NC=C(N1C(C)C)C2=NC(=NC=C2)NC3=CC=C(C=C3)C(=O)N4CCC(C4)NC,<rdkit.Chem.rdchem.Mol object at 0x7f54fb9faab0>,<rdkit.DataStructs.cDataStructs.ExplicitBitVect object at 0x7f54fba50900>,0,0.9180327868852459,-10.384,>-11
1773,67037226,[3-(Methylamino)pyrrolidin-1-yl]-[4-[[4-(2-methyl-3-propan-2-ylimidazol-4-yl)pyrimidin-2-yl]amino]phenyl]methanone,CC1=NC=C(N1C(C)C)C2=NC(=NC=C2)NC3=CC=C(C=C3)C(=O)N4CCC(C4)NC,<rdkit.Chem.rdchem.Mol object at 0x7f54fba07df0>,<rdkit.DataStructs.cDataStructs.ExplicitBitVect object at 0x7f54fba5dc40>,0,0.9180327868852459,-10.384,>-11
327,11855923,[(3S)-3-(dimethylamino)pyrrolidin-1-yl]-[5-[[4-(2-methyl-3-propan-2-ylimidazol-4-yl)pyrimidin-2-yl]amino]pyridin-2-yl]methanone,CC1=NC=C(N1C(C)C)C2=NC(=NC=C2)NC3=CN=C(C=C3)C(=O)N4CCC(C4)N(C)C,<rdkit.Chem.rdchem.Mol object at 0x7f54fbbd9fc0>,<rdkit.DataStructs.cDataStructs.ExplicitBitVect object at 0x7f54fba33d80>,0,0.680327868852459,-10.384,>-11
1748,67037093,[4-[2-(Dimethylamino)ethyl]piperazin-1-yl]-[4-[[4-(2-methyl-3-propan-2-ylimidazol-4-yl)pyrimidin-2-yl]amino]phenyl]methanone,CC1=NC=C(N1C(C)C)C2=NC(=NC=C2)NC3=CC=C(C=C3)C(=O)N4CCN(CC4)CCN(C)C,<rdkit.Chem.rdchem.Mol object at 0x7f54fba07140>,<rdkit.DataStructs.cDataStructs.ExplicitBitVect object at 0x7f54fba5cf90>,0,0.7540983606557377,-10.34,>-11
1736,67037039,"[4-[[5-Fluoro-4-(2-methyl-3-propan-2-ylimidazol-4-yl)pyrimidin-2-yl]amino]phenyl]-[4-(2-methoxyethyl)-1,4-diazepan-1-yl]methanone",CC1=NC=C(N1C(C)C)C2=NC(=NC=C2F)NC3=CC=C(C=C3)C(=O)N4CCCN(CC4)CCOC,<rdkit.Chem.rdchem.Mol object at 0x7f54fba06c00>,<rdkit.DataStructs.cDataStructs.ExplicitBitVect object at 0x7f54fba5ca50>,0,0.8688524590163934,-10.309,>-11
1782,67037244,"[4-[[4-(2-methyl-3-propan-2-ylimidazol-4-yl)pyrimidin-2-yl]amino]phenyl]-[(1S,4S)-5-propyl-2,5-diazabicyclo[2.2.1]heptan-2-yl]methanone",CCCN1CC2CC1CN2C(=O)C3=CC=C(C=C3)NC4=NC=CC(=N4)C5=CN=C(N5C(C)C)C,<rdkit.Chem.rdchem.Mol object at 0x7f54fba08270>,<rdkit.DataStructs.cDataStructs.ExplicitBitVect object at 0x7f54fba5e030>,0,0.7704918032786885,-10.28,>-11
1776,67037233,(3-Hydroxypyrrolidin-1-yl)-[4-[[4-(2-methyl-3-propan-2-ylimidazol-4-yl)pyrimidin-2-yl]amino]phenyl]methanone,CC1=NC=C(N1C(C)C)C2=NC(=NC=C2)NC3=CC=C(C=C3)C(=O)N4CCC(C4)O,<rdkit.Chem.rdchem.Mol object at 0x7f54fba07f40>,<rdkit.DataStructs.cDataStructs.ExplicitBitVect object at 0x7f54fba5dd90>,0,0.8688524590163934,-10.257,>-11
1865,67037928,[(3S)-3-hydroxypyrrolidin-1-yl]-[4-[[4-(2-methyl-3-propan-2-ylimidazol-4-yl)pyrimidin-2-yl]amino]phenyl]methanone,CC1=NC=C(N1C(C)C)C2=NC(=NC=C2)NC3=CC=C(C=C3)C(=O)N4CCC(C4)O,<rdkit.Chem.rdchem.Mol object at 0x7f54fba0a7a0>,<rdkit.DataStructs.cDataStructs.ExplicitBitVect object at 0x7f54fba605f0>,0,0.8688524590163934,-10.257,>-11
1796,67037294,[(3R)-3-aminopyrrolidin-1-yl]-[4-[[4-(2-methyl-3-propan-2-ylimidazol-4-yl)pyrimidin-2-yl]amino]phenyl]methanone,CC1=NC=C(N1C(C)C)C2=NC(=NC=C2)NC3=CC=C(C=C3)C(=O)N4CCC(C4)N,<rdkit.Chem.rdchem.Mol object at 0x7f54fba08970>,<rdkit.DataStructs.cDataStructs.ExplicitBitVect object at 0x7f54fba5e730>,0,0.8524590163934426,-10.252,>-11
1803,67037332,[(3S)-3-aminopyrrolidin-1-yl]-[4-[[4-(2-methyl-3-propan-2-ylimidazol-4-yl)pyrimidin-2-yl]amino]phenyl]methanone,CC1=NC=C(N1C(C)C)C2=NC(=NC=C2)NC3=CC=C(C=C3)C(=O)N4CCC(C4)N,<rdkit.Chem.rdchem.Mol object at 0x7f54fba08c80>,<rdkit.DataStructs.cDataStructs.ExplicitBitVect object at 0x7f54fba5ea40>,0,0.8524590163934426,-10.252,>-11
2797,154486124,[(3S)-3-(diethylamino)pyrrolidin-1-yl]-[4-[[4-(2-methyl-3-propan-2-ylimidazol-4-yl)pyrimidin-2-yl]amino]phenyl]methanone,CCN(CC)C1CCN(C1)C(=O)C2=CC=C(C=C2)NC3=NC=CC(=N3)C4=CN=C(N4C(C)C)C,<rdkit.Chem.rdchem.Mol object at 0x7f54fba278b0>,<rdkit.DataStructs.cDataStructs.ExplicitBitVect object at 0x7f54fba7d700>,0,0.8032786885245902,-10.179,>-11
1845,67037559,[2-Methoxy-4-[[4-(2-methyl-3-propan-2-ylimidazol-4-yl)pyrimidin-2-yl]amino]phenyl]-(4-methylpiperazin-1-yl)methanone,CC1=NC=C(N1C(C)C)C2=NC(=NC=C2)NC3=CC(=C(C=C3)C(=O)N4CCN(CC4)C)OC,<rdkit.Chem.rdchem.Mol object at 0x7f54fba09ee0>,<rdkit.DataStructs.cDataStructs.ExplicitBitVect object at 0x7f54fba5fca0>,0,0.639344262295082,-10.136,>-11
356,16113481,[(3S)-3-(dimethylamino)pyrrolidin-1-yl]-[4-[[4-(2-methyl-3-propan-2-ylimidazol-4-yl)pyrimidin-2-yl]amino]phenyl]methanone,CC1=NC=C(N1C(C)C)C2=NC(=NC=C2)NC3=CC=C(C=C3)C(=O)N4CCC(C4)N(C)C,<rdkit.Chem.rdchem.Mol object at 0x7f54fbbdad50>,<rdkit.DataStructs.cDataStructs.ExplicitBitVect object at 0x7f54fba34ba0>,0,0.8442622950819673,-10.13,>-11
1732,67037011,[(3R)-3-(dimethylamino)pyrrolidin-1-yl]-[4-[[4-(2-methyl-3-propan-2-ylimidazol-4-yl)pyrimidin-2-yl]amino]phenyl]methanone,CC1=NC=C(N1C(C)C)C2=NC(=NC=C2)NC3=CC=C(C=C3)C(=O)N4CCC(C4)N(C)C,<rdkit.Chem.rdchem.Mol object at 0x7f54fba06a40>,<rdkit.DataStructs.cDataStructs.ExplicitBitVect object at 0x7f54fba5c890>,0,0.8442622950819673,-10.13,>-11
1775,67037229,[3-(Dimethylamino)pyrrolidin-1-yl]-[4-[[4-(2-methyl-3-propan-2-ylimidazol-4-yl)pyrimidin-2-yl]amino]phenyl]methanone,CC1=NC=C(N1C(C)C)C2=NC(=NC=C2)NC3=CC=C(C=C3)C(=O)N4CCC(C4)N(C)C,<rdkit.Chem.rdchem.Mol object at 0x7f54fba07ed0>,<rdkit.DataStructs.cDataStructs.ExplicitBitVect object at 0x7f54fba5dd20>,0,0.8442622950819673,-10.13,>-11
1729,67036931,[4-[[5-fluoro-4-(2-methyl-3-propan-2-ylimidazol-4-yl)pyrimidin-2-yl]amino]phenyl]-[(2R)-2-(hydroxymethyl)pyrrolidin-1-yl]methanone,CC1=NC=C(N1C(C)C)C2=NC(=NC=C2F)NC3=CC=C(C=C3)C(=O)N4CCCC4CO,<rdkit.Chem.rdchem.Mol object at 0x7f54fba068f0>,<rdkit.DataStructs.cDataStructs.ExplicitBitVect object at 0x7f54fba5c740>,0,0.8524590163934426,-10.09,>-11
1828,67037416,[4-[[5-fluoro-4-(2-methyl-3-propan-2-ylimidazol-4-yl)pyrimidin-2-yl]amino]phenyl]-[(2S)-2-(hydroxymethyl)pyrrolidin-1-yl]methanone,CC1=NC=C(N1C(C)C)C2=NC(=NC=C2F)NC3=CC=C(C=C3)C(=O)N4CCCC4CO,<rdkit.Chem.rdchem.Mol object at 0x7f54fba09770>,<rdkit.DataStructs.cDataStructs.ExplicitBitVect object at 0x7f54fba5f530>,0,0.8524590163934426,-10.09,>-11
1999,69225305,"[(1S,4S)-3-(2-Methoxyethyl)-3,6-diazabicyclo[2.2.1]hept-6-yl]-[4-[[4-(2-methyl-3-propan-2-yl-3H-imidazol-4-yl)pyrimidin-2-yl]amino]phenyl]methanone",CC1=NC=C(N1C(C)C)C2=NC(=NC=C2)NC3=CC=C(C=C3)C(=O)N4CC5CC4CN5CCOC,<rdkit.Chem.rdchem.Mol object at 0x7f54fba0e880>,<rdkit.DataStructs.cDataStructs.ExplicitBitVect object at 0x7f54fba646d0>,0,0.7049180327868853,-10.055,>-11
1304,44562736,(4-(4-(1-isopropyl-2-methyl-1H-imidazol-5-yl)pyrimidin-2-ylamino)phenyl)((S)-3-(methyl(propyl)amino)pyrrolidin-1-yl)methanone,CCCN(C)C1CCN(C1)C(=O)C2=CC=C(C=C2)NC3=NC=CC(=N3)C4=CN=C(N4C(C)C)C,<rdkit.Chem.rdchem.Mol object at 0x7f54fb9fa9d0>,<rdkit.DataStructs.cDataStructs.ExplicitBitVect object at 0x7f54fba50820>,0,0.8524590163934426,-9.972,>-11
1763,67037190,[(2R)-2-(hydroxymethyl)pyrrolidin-1-yl]-[4-[[4-(2-methyl-3-propan-2-ylimidazol-4-yl)pyrimidin-2-yl]amino]phenyl]methanone,CC1=NC=C(N1C(C)C)C2=NC(=NC=C2)NC3=CC=C(C=C3)C(=O)N4CCCC4CO,<rdkit.Chem.rdchem.Mol object at 0x7f54fba07990>,<rdkit.DataStructs.cDataStructs.ExplicitBitVect object at 0x7f54fba5d7e0>,0,0.7786885245901639,-9.959,>-11
1841,67037533,[2-Methoxy-4-[[4-(2-methyl-3-propan-2-ylimidazol-4-yl)pyrimidin-2-yl]amino]phenyl]-morpholin-4-ylmethanone,CC1=NC=C(N1C(C)C)C2=NC(=NC=C2)NC3=CC(=C(C=C3)C(=O)N4CCOCC4)OC,<rdkit.Chem.rdchem.Mol object at 0x7f54fba09d20>,<rdkit.DataStructs.cDataStructs.ExplicitBitVect object at 0x7f54fba5fae0>,0,0.7377049180327869,-9.915,>-11
1760,67037173,(3-Hydroxyazetidin-1-yl)-[4-[[4-(2-methyl-3-propan-2-ylimidazol-4-yl)pyrimidin-2-yl]amino]phenyl]methanone,CC1=NC=C(N1C(C)C)C2=NC(=NC=C2)NC3=CC=C(C=C3)C(=O)N4CC(C4)O,<rdkit.Chem.rdchem.Mol object at 0x7f54fba07760>,<rdkit.DataStructs.cDataStructs.ExplicitBitVect object at 0x7f54fba5d5b0>,0,0.8688524590163934,-9.903,>-11
2799,154486126,[(3S)-3-[2-methoxyethyl(methyl)amino]pyrrolidin-1-yl]-[4-[[4-(2-methyl-3-propan-2-ylimidazol-4-yl)pyrimidin-2-yl]amino]phenyl]methanone,CC1=NC=C(N1C(C)C)C2=NC(=NC=C2)NC3=CC=C(C=C3)C(=O)N4CCC(C4)N(C)CCOC,<rdkit.Chem.rdchem.Mol object at 0x7f54fba27990>,<rdkit.DataStructs.cDataStructs.ExplicitBitVect object at 0x7f54fba7d7e0>,0,0.7868852459016393,-9.667,>-11
2272,87605397,"[3-[[5-bromo-4-[[(2R,3R)-3-hydroxybutan-2-yl]amino]pyrimidin-2-yl]amino]phenyl]-[dimethyl(nitroso)-lambda4-sulfanyl]methanone",CC(C(C)O)NC1=NC(=NC=C1Br)NC2=CC=CC(=C2)C(=O)S(C)(C)N=O,<rdkit.Chem.rdchem.Mol object at 0x7f54fba16ff0>,<rdkit.DataStructs.cDataStructs.ExplicitBitVect object at 0x7f54fba6ce40>,0,0.5574576066379345,-9.624,>-11
2277,87605458,"[4-[[5-bromo-4-[[(2R,3R)-3-hydroxybutan-2-yl]amino]pyrimidin-2-yl]amino]phenyl]-[dimethyl(nitroso)-lambda4-sulfanyl]methanone",CC(C(C)O)NC1=NC(=NC=C1Br)NC2=CC=C(C=C2)C(=O)S(C)(C)N=O,<rdkit.Chem.rdchem.Mol object at 0x7f54fba17220>,<rdkit.DataStructs.cDataStructs.ExplicitBitVect object at 0x7f54fba6d070>,0,0.5738510492608854,-9.12,>-11
1857,67037616,"[4-[[4-(3-Cyclopentyl-2-methylimidazol-4-yl)pyrimidin-2-yl]amino]phenyl]-(4-propan-2-yl-1,4-diazepan-1-yl)methanone",CC1=NC=C(N1C2CCCC2)C3=NC(=NC=C3)NC4=CC=C(C=C4)C(=O)N5CCCN(CC5)C(C)C,<rdkit.Chem.rdchem.Mol object at 0x7f54fba0a420>,<rdkit.DataStructs.cDataStructs.ExplicitBitVect object at 0x7f54fba60270>,0,0.5839239522003395,-8.614,>-11
1795,67037292,[4-[[5-Fluoro-4-(2-methyl-3-propan-2-ylimidazol-4-yl)pyrimidin-2-yl]amino]-2-methoxyphenyl]-morpholin-4-ylmethanone,CC1=NC=C(N1C(C)C)C2=NC(=NC=C2F)NC3=CC(=C(C=C3)C(=O)N4CCOCC4)OC,<rdkit.Chem.rdchem.Mol object at 0x7f54fba08900>,<rdkit.DataStructs.cDataStructs.ExplicitBitVect object at 0x7f54fba5e6c0>,0,0.8360655737704918,-8.383,>-11
2718,143435128,[2-Ethenyl-4-[[5-fluoro-4-(2-methyl-3-propan-2-ylimidazol-4-yl)pyrimidin-2-yl]amino]phenyl]-(4-methylpiperazin-1-yl)methanone,CC1=NC=C(N1C(C)C)C2=NC(=NC=C2F)NC3=CC(=C(C=C3)C(=O)N4CCN(CC4)C)C=C,<rdkit.Chem.rdchem.Mol object at 0x7f54fba25070>,<rdkit.DataStructs.cDataStructs.ExplicitBitVect object at 0x7f54fba7ae30>,0,0.819672131147541,-8.147,>-11
368,16123568,[4-[[5-Fluoro-4-(2-methyl-3-propan-2-ylimidazol-4-yl)pyrimidin-2-yl]amino]-2-methoxyphenyl]-(4-methylpiperazin-1-yl)methanone,CC1=NC=C(N1C(C)C)C2=NC(=NC=C2F)NC3=CC(=C(C=C3)C(=O)N4CCN(CC4)C)OC,<rdkit.Chem.rdchem.Mol object at 0x7f54fbbdb680>,<rdkit.DataStructs.cDataStructs.ExplicitBitVect object at 0x7f54fba354d0>,0,0.8360655737704918,-8.049,>-11
