,cid,cmpdname,canonicalsmiles,Molecule,Fingerprint,predicted,predicted_proba,min_energy
1686,59772878,"N-[(2S,3R,4R,6R)-3-methoxy-2-methyl-16-oxo-29-oxa-1,7,17-triazaoctacyclo[12.12.2.12,6.07,28.08,13.015,19.020,27.021,26]nonacosa-8,10,12,14,19,21,23,25,27-nonaen-4-yl]-N,4-dimethylbenzamide",CC1=CC=C(C=C1)C(=O)N(C)C2CC3N4C5=CC=CC=C5C6=C7C(=C8C9=CC=CC=C9N(C8=C64)C(C2OC)(O3)C)CNC7=O,<rdkit.Chem.rdchem.Mol object at 0x7ff3b538f450>,<rdkit.DataStructs.cDataStructs.ExplicitBitVect object at 0x7ff3b53e52a0>,0,0.5082371989475815,-16.243
1285,44352914,"2-chloro-N-[(2R,3S,4S,6S)-3-methoxy-2-methyl-16-oxo-29-oxa-1,7,17-triazaoctacyclo[12.12.2.12,6.07,28.08,13.015,19.020,27.021,26]nonacosa-8,10,12,14,19,21,23,25,27-nonaen-4-yl]-N-methylbenzamide",CC12C(C(CC(O1)N3C4=CC=CC=C4C5=C6C(=C7C8=CC=CC=C8N2C7=C53)CNC6=O)N(C)C(=O)C9=CC=CC=C9Cl)OC,<rdkit.Chem.rdchem.Mol object at 0x7ff3b5384200>,<rdkit.DataStructs.cDataStructs.ExplicitBitVect object at 0x7ff3b53d9fc0>,0,0.5246306415705323,-16.209
2831,155381507,"2-chloro-N-[(2S,3R,4R,6R)-3-methoxy-2-methyl-16-oxo-29-oxa-1,7,17-triazaoctacyclo[12.12.2.12,6.07,28.08,13.015,19.020,27.021,26]nonacosa-8,10,12,14,19,21,23,25,27-nonaen-4-yl]-N-methylbenzamide",CC12C(C(CC(O1)N3C4=CC=CC=C4C5=C6C(=C7C8=CC=CC=C8N2C7=C53)CNC6=O)N(C)C(=O)C9=CC=CC=C9Cl)OC,<rdkit.Chem.rdchem.Mol object at 0x7ff3b53b2810>,<rdkit.DataStructs.cDataStructs.ExplicitBitVect object at 0x7ff3b520c660>,0,0.5246306415705323,-16.198
1621,59022431,"N-(3-methoxy-2-methyl-16-oxo-29-oxa-1,7,17-triazaoctacyclo[12.12.2.12,6.07,28.08,13.015,19.020,27.021,26]nonacosa-8,10,12,14,19,21,23,25,27-nonaen-4-yl)-N,4-dimethylbenzamide",CC1=CC=C(C=C1)C(=O)N(C)C2CC3N4C5=CC=CC=C5C6=C7C(=C8C9=CC=CC=C9N(C8=C64)C(C2OC)(O3)C)CNC7=O,<rdkit.Chem.rdchem.Mol object at 0x7ff3b538d7e0>,<rdkit.DataStructs.cDataStructs.ExplicitBitVect object at 0x7ff3b53e35a0>,0,0.5082371989475815,-16.176
2455,121258904,"9H-fluoren-9-ylmethyl N-[1-[(3-methoxy-2-methyl-16-oxo-29-oxa-1,7,17-triazaoctacyclo[12.12.2.12,6.07,28.08,13.015,19.020,27.021,26]nonacosa-8,10,12,14,19,21,23,25,27-nonaen-4-yl)-methylamino]-3-(4-methylphenyl)-1-oxopropan-2-yl]carbamate",CC1=CC=C(C=C1)CC(C(=O)N(C)C2CC3N4C5=CC=CC=C5C6=C7C(=C8C9=CC=CC=C9N(C8=C64)C(C2OC)(O3)C)CNC7=O)NC(=O)OCC1C2=CC=CC=C2C2=CC=CC=C12,<rdkit.Chem.rdchem.Mol object at 0x7ff3b53a6dc0>,<rdkit.DataStructs.cDataStructs.ExplicitBitVect object at 0x7ff3b53fcc10>,0,0.5082371989475815,-16.165
1552,58741090,"N-[(2R,3S,4S,6S)-3-methoxy-2-methyl-16-oxo-29-oxa-1,7,17-triazaoctacyclo[12.12.2.12,6.07,28.08,13.015,19.020,27.021,26]nonacosa-8,10,12,14,19,21,23,25,27-nonaen-4-yl]benzamide",CC12C(C(CC(O1)N3C4=CC=CC=C4C5=C6C(=C7C8=CC=CC=C8N2C7=C53)CNC6=O)NC(=O)C9=CC=CC=C9)OC,<rdkit.Chem.rdchem.Mol object at 0x7ff3b538b8b0>,<rdkit.DataStructs.cDataStructs.ExplicitBitVect object at 0x7ff3b53e1700>,0,0.6229508196721312,-16.158
2429,101697437,"2-hydroxy-N-[(2S,3S,4S,6R)-3-methoxy-2-methyl-16-oxo-29-oxa-1,7,17-triazaoctacyclo[12.12.2.12,6.07,28.08,13.015,19.020,27.021,26]nonacosa-8,10,12,14,19,21,23,25,27-nonaen-4-yl]-N-methylbenzamide",CC12C(C(CC(O1)N3C4=CC=CC=C4C5=C6C(=C7C8=CC=CC=C8N2C7=C53)CNC6=O)N(C)C(=O)C9=CC=CC=C9O)OC,<rdkit.Chem.rdchem.Mol object at 0x7ff3b53a6180>,<rdkit.DataStructs.cDataStructs.ExplicitBitVect object at 0x7ff3b53fbf40>,0,0.5082371989475815,-16.12
2634,137392541,"4-chloro-N-[(2S,3R,4R,6R)-3-methoxy-2-methyl-16-oxo-29-oxa-1,7,17-triazaoctacyclo[12.12.2.12,6.07,28.08,13.015,19.020,27.021,26]nonacosa-8,10,12,14,19,21,23,25,27-nonaen-4-yl]-N-methylbenzamide",CC12C(C(CC(O1)N3C4=CC=CC=C4C5=C6C(=C7C8=CC=CC=C8N2C7=C53)CNC6=O)N(C)C(=O)C9=CC=C(C=C9)Cl)OC,<rdkit.Chem.rdchem.Mol object at 0x7ff3b53abf40>,<rdkit.DataStructs.cDataStructs.ExplicitBitVect object at 0x7ff3b5401d90>,0,0.5246306415705323,-16.09
2763,146557202,"(15S,16S,17S,19S)-15,16-dimethoxy-15,19-dimethyl-17-(methylamino)-4,14,20-triazaheptacyclo[12.12.2.02,6.07,28.08,13.020,27.021,26]octacosa-1,6,8,10,12,21,23,25,27-nonaen-3-one",CC1CC(C(C(N2C3=CC=CC=C3C4=C5CNC(=O)C5=C6C7=CC=CC=C7N1C6=C42)(C)OC)OC)NC,<rdkit.Chem.rdchem.Mol object at 0x7ff3b53b0a50>,<rdkit.DataStructs.cDataStructs.ExplicitBitVect object at 0x7ff3b5406810>,0,0.5246776815780587,-16.073
1279,44352785,"4-chloro-N-[(2R,3S,4S,6S)-3-methoxy-2-methyl-16-oxo-29-oxa-1,7,17-triazaoctacyclo[12.12.2.12,6.07,28.08,13.015,19.020,27.021,26]nonacosa-8,10,12,14,19,21,23,25,27-nonaen-4-yl]-N-methylbenzamide",CC12C(C(CC(O1)N3C4=CC=CC=C4C5=C6C(=C7C8=CC=CC=C8N2C7=C53)CNC6=O)N(C)C(=O)C9=CC=C(C=C9)Cl)OC,<rdkit.Chem.rdchem.Mol object at 0x7ff3b5383ed0>,<rdkit.DataStructs.cDataStructs.ExplicitBitVect object at 0x7ff3b53d9d20>,0,0.5246306415705323,-16.043
2456,121258905,"2-amino-N-(3-methoxy-2-methyl-16-oxo-29-oxa-1,7,17-triazaoctacyclo[12.12.2.12,6.07,28.08,13.015,19.020,27.021,26]nonacosa-8,10,12,14,19,21,23,25,27-nonaen-4-yl)-N-methyl-3-(4-methylphenyl)propanamide",CC1=CC=C(C=C1)CC(C(=O)N(C)C2CC3N4C5=CC=CC=C5C6=C7C(=C8C9=CC=CC=C9N(C8=C64)C(C2OC)(O3)C)CNC7=O)N,<rdkit.Chem.rdchem.Mol object at 0x7ff3b53a6e30>,<rdkit.DataStructs.cDataStructs.ExplicitBitVect object at 0x7ff3b53fcc80>,0,0.5246306415705323,-15.914
1182,24202429,"N-[(2R,3S,4S,6S)-3-methoxy-2-methyl-16-oxo-29-oxa-1,7,17-triazaoctacyclo[12.12.2.12,6.07,28.08,13.015,19.020,27.021,26]nonacosa-8,10,12,14,19,21,23,25,27-nonaen-4-yl]-N-methylbenzamide",CC12C(C(CC(O1)N3C4=CC=CC=C4C5=C6C(=C7C8=CC=CC=C8N2C7=C53)CNC6=O)N(C)C(=O)C9=CC=CC=C9)OC,<rdkit.Chem.rdchem.Mol object at 0x7ff3b5381460>,<rdkit.DataStructs.cDataStructs.ExplicitBitVect object at 0x7ff3b53d7220>,0,0.5082371989475815,-15.798
392,16760627,"N-(3-methoxy-2-methyl-16-oxo-29-oxa-1,7,17-triazaoctacyclo[12.12.2.12,6.07,28.08,13.015,19.020,27.021,26]nonacosa-8,10,12,14,19,21,23,25,27-nonaen-4-yl)-N-methylbenzamide",CC12C(C(CC(O1)N3C4=CC=CC=C4C5=C6C(=C7C8=CC=CC=C8N2C7=C53)CNC6=O)N(C)C(=O)C9=CC=CC=C9)OC,<rdkit.Chem.rdchem.Mol object at 0x7ff3b536a420>,<rdkit.DataStructs.cDataStructs.ExplicitBitVect object at 0x7ff3b53c0270>,0,0.5082371989475815,-15.798
1642,59476520,"N-[(3R)-3-methoxy-2-methyl-16-oxo-29-oxa-1,7,17-triazaoctacyclo[12.12.2.12,6.07,28.08,13.015,19.020,27.021,26]nonacosa-8,10,12,14,19,21,23,25,27-nonaen-4-yl]-N-methylbenzamide",CC12C(C(CC(O1)N3C4=CC=CC=C4C5=C6C(=C7C8=CC=CC=C8N2C7=C53)CNC6=O)N(C)C(=O)C9=CC=CC=C9)OC,<rdkit.Chem.rdchem.Mol object at 0x7ff3b538e110>,<rdkit.DataStructs.cDataStructs.ExplicitBitVect object at 0x7ff3b53e3ed0>,0,0.5082371989475815,-15.798
2410,91613430,"N-[(2S,3S,4S,6S)-3-methoxy-2-methyl-16-oxo-29-oxa-1,7,17-triazaoctacyclo[12.12.2.12,6.07,28.08,13.015,19.020,27.021,26]nonacosa-8,10,12,14,19,21,23,25,27-nonaen-4-yl]-N-methylbenzamide",CC12C(C(CC(O1)N3C4=CC=CC=C4C5=C6C(=C7C8=CC=CC=C8N2C7=C53)CNC6=O)N(C)C(=O)C9=CC=CC=C9)OC,<rdkit.Chem.rdchem.Mol object at 0x7ff3b53a57e0>,<rdkit.DataStructs.cDataStructs.ExplicitBitVect object at 0x7ff3b53fb5a0>,0,0.5082371989475815,-15.798
2587,134490683,"N-[(2S,3R,4R)-3-methoxy-2-methyl-16-oxo-29-oxa-1,7,17-triazaoctacyclo[12.12.2.12,6.07,28.08,13.015,19.020,27.021,26]nonacosa-8,10,12,14,19,21,23,25,27-nonaen-4-yl]-N-methylbenzamide",CC12C(C(CC(O1)N3C4=CC=CC=C4C5=C6C(=C7C8=CC=CC=C8N2C7=C53)CNC6=O)N(C)C(=O)C9=CC=CC=C9)OC,<rdkit.Chem.rdchem.Mol object at 0x7ff3b53aa8f0>,<rdkit.DataStructs.cDataStructs.ExplicitBitVect object at 0x7ff3b5400740>,0,0.5082371989475815,-15.798
1269,44120162,"N-[(2S,3R,4R,6S)-3-methoxy-2-methyl-16-oxo-29-oxa-1,7,17-triazaoctacyclo[12.12.2.12,6.07,28.08,13.015,19.020,27.021,26]nonacosa-8,10,12,14,19,21,23,25,27-nonaen-4-yl]-N-methylbenzamide",CC12C(C(CC(O1)N3C4=CC=CC=C4C5=C6C(=C7C8=CC=CC=C8N2C7=C53)CNC6=O)N(C)C(=O)C9=CC=CC=C9)OC,<rdkit.Chem.rdchem.Mol object at 0x7ff3b5383a70>,<rdkit.DataStructs.cDataStructs.ExplicitBitVect object at 0x7ff3b53d98c0>,0,0.5082371989475815,-15.798
2649,138756138,"N-[(2S,6S)-3-methoxy-2-methyl-16-oxo-29-oxa-1,7,17-triazaoctacyclo[12.12.2.12,6.07,28.08,13.015,19.020,27.021,26]nonacosa-8,10,12,14,19,21,23,25,27-nonaen-4-yl]-N-methylbenzamide",CC12C(C(CC(O1)N3C4=CC=CC=C4C5=C6C(=C7C8=CC=CC=C8N2C7=C53)CNC6=O)N(C)C(=O)C9=CC=CC=C9)OC,<rdkit.Chem.rdchem.Mol object at 0x7ff3b53ac820>,<rdkit.DataStructs.cDataStructs.ExplicitBitVect object at 0x7ff3b54025e0>,0,0.5082371989475815,-15.798
1639,59476509,"N-[(3R,4R,6R)-3-methoxy-2-methyl-16-oxo-29-oxa-1,7,17-triazaoctacyclo[12.12.2.12,6.07,28.08,13.015,19.020,27.021,26]nonacosa-8,10,12,14,19,21,23,25,27-nonaen-4-yl]-N-methylbenzamide",CC12C(C(CC(O1)N3C4=CC=CC=C4C5=C6C(=C7C8=CC=CC=C8N2C7=C53)CNC6=O)N(C)C(=O)C9=CC=CC=C9)OC,<rdkit.Chem.rdchem.Mol object at 0x7ff3b538dfc0>,<rdkit.DataStructs.cDataStructs.ExplicitBitVect object at 0x7ff3b53e3d80>,0,0.5082371989475815,-15.797
1871,67599378,"N-[(2S,4R,6R)-3-methoxy-2-methyl-16-oxo-29-oxa-1,7,17-triazaoctacyclo[12.12.2.12,6.07,28.08,13.015,19.020,27.021,26]nonacosa-8,10,12,14,19,21,23,25,27-nonaen-4-yl]-N-methylbenzamide",CC12C(C(CC(O1)N3C4=CC=CC=C4C5=C6C(=C7C8=CC=CC=C8N2C7=C53)CNC6=O)N(C)C(=O)C9=CC=CC=C9)OC,<rdkit.Chem.rdchem.Mol object at 0x7ff3b5394b30>,<rdkit.DataStructs.cDataStructs.ExplicitBitVect object at 0x7ff3b53ea8f0>,0,0.5082371989475815,-15.777
2120,71018774,"N-[(2S,6R)-3-methoxy-2-methyl-16-oxo-29-oxa-1,7,17-triazaoctacyclo[12.12.2.12,6.07,28.08,13.015,19.020,27.021,26]nonacosa-8,10,12,14,19,21,23,25,27-nonaen-4-yl]-N-methylbenzamide",CC12C(C(CC(O1)N3C4=CC=CC=C4C5=C6C(=C7C8=CC=CC=C8N2C7=C53)CNC6=O)N(C)C(=O)C9=CC=CC=C9)OC,<rdkit.Chem.rdchem.Mol object at 0x7ff3b539c820>,<rdkit.DataStructs.cDataStructs.ExplicitBitVect object at 0x7ff3b53f25e0>,0,0.5082371989475815,-15.764
2820,155381402,"(2S)-2-amino-N-[(2S,3R,4R,6R)-3-methoxy-2-methyl-16-oxo-29-oxa-1,7,17-triazaoctacyclo[12.12.2.12,6.07,28.08,13.015,19.020,27.021,26]nonacosa-8,10,12,14,19,21,23,25,27-nonaen-4-yl]-N-methyl-3-phenylmethoxypropanamide",CC12C(C(CC(O1)N3C4=CC=CC=C4C5=C6C(=C7C8=CC=CC=C8N2C7=C53)CNC6=O)N(C)C(=O)C(COCC9=CC=CC=C9)N)OC,<rdkit.Chem.rdchem.Mol object at 0x7ff3b53b2340>,<rdkit.DataStructs.cDataStructs.ExplicitBitVect object at 0x7ff3b520c190>,0,0.5246306415705323,-15.742
2816,155381210,"4-[[(2S,3R,4R,6R)-3-methoxy-2-methyl-16-oxo-29-oxa-1,7,17-triazaoctacyclo[12.12.2.12,6.07,28.08,13.015,19.020,27.021,26]nonacosa-8,10,12,14,19,21,23,25,27-nonaen-4-yl]-methylcarbamoyl]benzoic acid",CC12C(C(CC(O1)N3C4=CC=CC=C4C5=C6C(=C7C8=CC=CC=C8N2C7=C53)CNC6=O)N(C)C(=O)C9=CC=C(C=C9)C(=O)O)OC,<rdkit.Chem.rdchem.Mol object at 0x7ff3b53b2180>,<rdkit.DataStructs.cDataStructs.ExplicitBitVect object at 0x7ff3b5407f40>,0,0.5082371989475815,-15.721
1282,44352842,"4-[[(2R,3S,4S,6S)-3-methoxy-2-methyl-16-oxo-29-oxa-1,7,17-triazaoctacyclo[12.12.2.12,6.07,28.08,13.015,19.020,27.021,26]nonacosa-8,10,12,14,19,21,23,25,27-nonaen-4-yl]-methylcarbamoyl]benzoic acid",CC12C(C(CC(O1)N3C4=CC=CC=C4C5=C6C(=C7C8=CC=CC=C8N2C7=C53)CNC6=O)N(C)C(=O)C9=CC=C(C=C9)C(=O)O)OC,<rdkit.Chem.rdchem.Mol object at 0x7ff3b53840b0>,<rdkit.DataStructs.cDataStructs.ExplicitBitVect object at 0x7ff3b53d9e70>,0,0.5082371989475815,-15.717
2427,101644392,"benzyl N-[(2R,3S,4S,6S)-3-methoxy-2-methyl-16-oxo-29-oxa-1,7,17-triazaoctacyclo[12.12.2.12,6.07,28.08,13.015,19.020,27.021,26]nonacosa-8,10,12,14,19,21,23,25,27-nonaen-4-yl]-N-methylcarbamate",CC12C(C(CC(O1)N3C4=CC=CC=C4C5=C6C(=C7C8=CC=CC=C8N2C7=C53)CNC6=O)N(C)C(=O)OCC9=CC=CC=C9)OC,<rdkit.Chem.rdchem.Mol object at 0x7ff3b53a60a0>,<rdkit.DataStructs.cDataStructs.ExplicitBitVect object at 0x7ff3b53fbe60>,0,0.5082371989475815,-15.677
218,10483728,"benzyl N-[(2S,3R,4R,6R)-3-methoxy-2-methyl-16-oxo-29-oxa-1,7,17-triazaoctacyclo[12.12.2.12,6.07,28.08,13.015,19.020,27.021,26]nonacosa-8,10,12,14,19,21,23,25,27-nonaen-4-yl]-N-methylcarbamate",CC12C(C(CC(O1)N3C4=CC=CC=C4C5=C6C(=C7C8=CC=CC=C8N2C7=C53)CNC6=O)N(C)C(=O)OCC9=CC=CC=C9)OC,<rdkit.Chem.rdchem.Mol object at 0x7ff3b5363df0>,<rdkit.DataStructs.cDataStructs.ExplicitBitVect object at 0x7ff3b53b9c40>,0,0.5082371989475815,-15.639
2818,155381214,"(2S)-2-amino-N-[(2S,3R,4R,6R)-3-methoxy-2-methyl-16-oxo-29-oxa-1,7,17-triazaoctacyclo[12.12.2.12,6.07,28.08,13.015,19.020,27.021,26]nonacosa-8,10,12,14,19,21,23,25,27-nonaen-4-yl]-N-methyl-3-phenylpropanamide",CC12C(C(CC(O1)N3C4=CC=CC=C4C5=C6C(=C7C8=CC=CC=C8N2C7=C53)CNC6=O)N(C)C(=O)C(CC9=CC=CC=C9)N)OC,<rdkit.Chem.rdchem.Mol object at 0x7ff3b53b2260>,<rdkit.DataStructs.cDataStructs.ExplicitBitVect object at 0x7ff3b520c0b0>,0,0.5082371989475815,-15.6
2633,137392527,"(2S,3R,6R)-4-[(4-chlorophenyl)sulfanyl-methylamino]-3-methoxy-2-methyl-29-oxa-1,7,17-triazaoctacyclo[12.12.2.12,6.07,28.08,13.015,19.020,27.021,26]nonacosa-8,10,12,14,19,21,23,25,27-nonaen-16-one",CC12C(C(CC(O1)N3C4=CC=CC=C4C5=C6C(=C7C8=CC=CC=C8N2C7=C53)CNC6=O)N(C)SC9=CC=C(C=C9)Cl)OC,<rdkit.Chem.rdchem.Mol object at 0x7ff3b53abed0>,<rdkit.DataStructs.cDataStructs.ExplicitBitVect object at 0x7ff3b5401d20>,0,0.6229912973082372,-15.543
338,15625654,"N-(3-methoxy-2-methyl-16-oxo-29-oxa-1,7,17-triazaoctacyclo[12.12.2.12,6.07,28.08,13.015,19.020,27.021,26]nonacosa-8,10,12,14,19,21,23,25,27-nonaen-4-yl)acetamide",CC(=O)NC1CC2N3C4=CC=CC=C4C5=C6C(=C7C8=CC=CC=C8N(C7=C53)C(C1OC)(O2)C)CNC6=O,<rdkit.Chem.rdchem.Mol object at 0x7ff3b5368510>,<rdkit.DataStructs.cDataStructs.ExplicitBitVect object at 0x7ff3b53be2d0>,0,0.639344262295082,-15.537
1478,58434736,"(2R,4R,5R,6S)-5,6-dimethyl-4-(methylamino)-29-oxa-1,7,17-triazaoctacyclo[12.12.2.12,6.07,28.08,13.015,19.020,27.021,26]nonacosa-8,10,12,14,19,21,23,25,27-nonaen-16-one",CC1C(CC2N3C4=CC=CC=C4C5=C6CNC(=O)C6=C7C8=CC=CC=C8N(C7=C53)C1(O2)C)NC,<rdkit.Chem.rdchem.Mol object at 0x7ff3b5389850>,<rdkit.DataStructs.cDataStructs.ExplicitBitVect object at 0x7ff3b53df610>,0,0.5902044120623355,-15.509
1706,60020452,"(2S,3R,4S,6R)-3-methoxy-2-methyl-4-(3-methylbutan-2-yl)-29-oxa-1,7,17-triazaoctacyclo[12.12.2.12,6.07,28.08,13.015,19.020,27.021,26]nonacosa-8,10,12,14,19,21,23,25,27-nonaen-16-one",CC(C)C(C)C1CC2N3C4=CC=CC=C4C5=C6C(=C7C8=CC=CC=C8N(C7=C53)C(C1OC)(O2)C)CNC6=O,<rdkit.Chem.rdchem.Mol object at 0x7ff3b538fd10>,<rdkit.DataStructs.cDataStructs.ExplicitBitVect object at 0x7ff3b53e5b60>,0,0.5644432879405556,-15.482
2553,132571574,"N-[(2S,3R,4R,6R)-3-methoxy-2-methyl-16-oxo-29-oxa-1,7,17-triazaoctacyclo[12.12.2.12,6.07,28.08,13.015,19.020,27.021,26]nonacosa-8,10,12,14,19,21,23,25,27-nonaen-4-yl]-N-methylformamide",CC12C(C(CC(O1)N3C4=CC=CC=C4C5=C6C(=C7C8=CC=CC=C8N2C7=C53)CNC6=O)N(C)C=O)OC,<rdkit.Chem.rdchem.Mol object at 0x7ff3b53a9a10>,<rdkit.DataStructs.cDataStructs.ExplicitBitVect object at 0x7ff3b53ff7d0>,0,0.5410240841934831,-15.468
1289,44353112,"(2R,3S,4S,6S)-3-methoxy-2-methyl-4-(N-methylanilino)-29-oxa-1,7,17-triazaoctacyclo[12.12.2.12,6.07,28.08,13.015,19.020,27.021,26]nonacosa-8,10,12,14,19,21,23,25,27-nonaen-16-one",CC12C(C(CC(O1)N3C4=CC=CC=C4C5=C6C(=C7C8=CC=CC=C8N2C7=C53)CNC6=O)N(C)C9=CC=CC=C9)OC,<rdkit.Chem.rdchem.Mol object at 0x7ff3b53843c0>,<rdkit.DataStructs.cDataStructs.ExplicitBitVect object at 0x7ff3b53da180>,0,0.557417526816434,-15.448
2817,155381211,"(2S,3R,4R,6R)-3-methoxy-2-methyl-4-(N-methylanilino)-29-oxa-1,7,17-triazaoctacyclo[12.12.2.12,6.07,28.08,13.015,19.020,27.021,26]nonacosa-8,10,12,14,19,21,23,25,27-nonaen-16-one",CC12C(C(CC(O1)N3C4=CC=CC=C4C5=C6C(=C7C8=CC=CC=C8N2C7=C53)CNC6=O)N(C)C9=CC=CC=C9)OC,<rdkit.Chem.rdchem.Mol object at 0x7ff3b53b21f0>,<rdkit.DataStructs.cDataStructs.ExplicitBitVect object at 0x7ff3b520c040>,0,0.557417526816434,-15.436
315,11757566,"2,2,2-trifluoro-N-[(2R,6S)-3-methoxy-2-methyl-16-oxo-29-oxa-1,7,17-triazaoctacyclo[12.12.2.12,6.07,28.08,13.015,19.020,27.021,26]nonacosa-8,10,12,14,19,21,23,25,27-nonaen-4-yl]-N-methylacetamide",CC12C(C(CC(O1)N3C4=CC=CC=C4C5=C6C(=C7C8=CC=CC=C8N2C7=C53)CNC6=O)N(C)C(=O)C(F)(F)F)OC,<rdkit.Chem.rdchem.Mol object at 0x7ff3b5367a00>,<rdkit.DataStructs.cDataStructs.ExplicitBitVect object at 0x7ff3b53bd850>,0,0.5081967213114754,-15.434
1281,44352817,"2,2,2-trifluoro-N-[(2R,3S,4S,6S)-3-methoxy-2-methyl-16-oxo-29-oxa-1,7,17-triazaoctacyclo[12.12.2.12,6.07,28.08,13.015,19.020,27.021,26]nonacosa-8,10,12,14,19,21,23,25,27-nonaen-4-yl]-N-methylacetamide",CC12C(C(CC(O1)N3C4=CC=CC=C4C5=C6C(=C7C8=CC=CC=C8N2C7=C53)CNC6=O)N(C)C(=O)C(F)(F)F)OC,<rdkit.Chem.rdchem.Mol object at 0x7ff3b5384040>,<rdkit.DataStructs.cDataStructs.ExplicitBitVect object at 0x7ff3b53d9e00>,0,0.5081967213114754,-15.434
2828,155381503,"2,2,2-trifluoro-N-[(2S,3R,4R,6R)-3-methoxy-2-methyl-16-oxo-29-oxa-1,7,17-triazaoctacyclo[12.12.2.12,6.07,28.08,13.015,19.020,27.021,26]nonacosa-8,10,12,14,19,21,23,25,27-nonaen-4-yl]-N-methylacetamide",CC12C(C(CC(O1)N3C4=CC=CC=C4C5=C6C(=C7C8=CC=CC=C8N2C7=C53)CNC6=O)N(C)C(=O)C(F)(F)F)OC,<rdkit.Chem.rdchem.Mol object at 0x7ff3b53b26c0>,<rdkit.DataStructs.cDataStructs.ExplicitBitVect object at 0x7ff3b520c510>,0,0.5081967213114754,-15.434
2422,101257296,"(2R,3R,4R,6S)-3-methoxy-2-methyl-4-[methyl(1-phenylethyl)amino]-29-oxa-1,7,17-triazaoctacyclo[12.12.2.12,6.07,28.08,13.015,19.020,27.021,26]nonacosa-8,10,12,14,19,21,23,25,27-nonaen-16-one",CC(C1=CC=CC=C1)N(C)C2CC3N4C5=CC=CC=C5C6=C7C(=C8C9=CC=CC=C9N(C8=C64)C(C2OC)(O3)C)CNC7=O,<rdkit.Chem.rdchem.Mol object at 0x7ff3b53a5e70>,<rdkit.DataStructs.cDataStructs.ExplicitBitVect object at 0x7ff3b53fbc30>,0,0.5082371989475815,-15.426
2415,100975859,"(2S,3S,4S,6R)-3-hydroxy-2-methyl-4-(methylamino)-29-oxa-1,7,17-triazaoctacyclo[12.12.2.12,6.07,28.08,13.015,19.020,27.021,26]nonacosa-8,10,12,14,19,21,23,25,27-nonaen-16-one",CC12C(C(CC(O1)N3C4=CC=CC=C4C5=C6C(=C7C8=CC=CC=C8N2C7=C53)CNC6=O)NC)O,<rdkit.Chem.rdchem.Mol object at 0x7ff3b53a5b60>,<rdkit.DataStructs.cDataStructs.ExplicitBitVect object at 0x7ff3b53fb920>,0,0.5246306415705323,-15.424
350,16048615,"(2R,3S,4S,6S)-3-hydroxy-2-methyl-4-(methylamino)-29-oxa-1,7,17-triazaoctacyclo[12.12.2.12,6.07,28.08,13.015,19.020,27.021,26]nonacosa-8,10,12,14,19,21,23,25,27-nonaen-16-one",CC12C(C(CC(O1)N3C4=CC=CC=C4C5=C6C(=C7C8=CC=CC=C8N2C7=C53)CNC6=O)NC)O,<rdkit.Chem.rdchem.Mol object at 0x7ff3b5368a50>,<rdkit.DataStructs.cDataStructs.ExplicitBitVect object at 0x7ff3b53be810>,0,0.5246306415705323,-15.419
1287,44352951,"N-[(2R,3S,4S,6S)-3-methoxy-2-methyl-16-oxo-29-oxa-1,7,17-triazaoctacyclo[12.12.2.12,6.07,28.08,13.015,19.020,27.021,26]nonacosa-8,10,12,14,19,21,23,25,27-nonaen-4-yl]-N-methylacetamide",CC(=O)N(C)C1CC2N3C4=CC=CC=C4C5=C6C(=C7C8=CC=CC=C8N(C7=C53)C(C1OC)(O2)C)CNC6=O,<rdkit.Chem.rdchem.Mol object at 0x7ff3b53842e0>,<rdkit.DataStructs.cDataStructs.ExplicitBitVect object at 0x7ff3b53da0a0>,0,0.5082371989475815,-15.384
2813,155381207,"N-[(2S,3R,4R,6R)-3-methoxy-2-methyl-16-oxo-29-oxa-1,7,17-triazaoctacyclo[12.12.2.12,6.07,28.08,13.015,19.020,27.021,26]nonacosa-8,10,12,14,19,21,23,25,27-nonaen-4-yl]-N-methylbenzenecarbothioamide",CC12C(C(CC(O1)N3C4=CC=CC=C4C5=C6C(=C7C8=CC=CC=C8N2C7=C53)CNC6=O)N(C)C(=S)C9=CC=CC=C9)OC,<rdkit.Chem.rdchem.Mol object at 0x7ff3b53b2030>,<rdkit.DataStructs.cDataStructs.ExplicitBitVect object at 0x7ff3b5407df0>,0,0.5246306415705323,-15.38
2396,91348317,"(2R,3S,4S,6S)-3-methoxy-2,4-dimethyl-29-oxa-1,7,17-triazaoctacyclo[12.12.2.12,6.07,28.08,13.015,19.020,27.021,26]nonacosa-8,10,12,14,19,21,23,25,27-nonaen-16-one",CC1CC2N3C4=CC=CC=C4C5=C6C(=C7C8=CC=CC=C8N(C7=C53)C(C1OC)(O2)C)CNC6=O,<rdkit.Chem.rdchem.Mol object at 0x7ff3b53a51c0>,<rdkit.DataStructs.cDataStructs.ExplicitBitVect object at 0x7ff3b53faf80>,0,0.5738109694393848,-15.342
2666,141860995,"(2R,3S,6S)-3-methoxy-2-methyl-4-(methyliminomethyl)-29-oxa-1,7,17-triazaoctacyclo[12.12.2.12,6.07,28.08,13.015,19.020,27.021,26]nonacosa-8,10,12,14,19,21,23,25,27-nonaen-16-one",CC12C(C(CC(O1)N3C4=CC=CC=C4C5=C6C(=C7C8=CC=CC=C8N2C7=C53)CNC6=O)C=NC)OC,<rdkit.Chem.rdchem.Mol object at 0x7ff3b53ad380>,<rdkit.DataStructs.cDataStructs.ExplicitBitVect object at 0x7ff3b5403140>,0,0.557417526816434,-15.339
2829,155381504,"2,2,2-trichloro-N-[(2S,3R,4R,6R)-3-methoxy-2-methyl-16-oxo-29-oxa-1,7,17-triazaoctacyclo[12.12.2.12,6.07,28.08,13.015,19.020,27.021,26]nonacosa-8,10,12,14,19,21,23,25,27-nonaen-4-yl]-N-methylacetamide",CC12C(C(CC(O1)N3C4=CC=CC=C4C5=C6C(=C7C8=CC=CC=C8N2C7=C53)CNC6=O)N(C)C(=O)C(Cl)(Cl)Cl)OC,<rdkit.Chem.rdchem.Mol object at 0x7ff3b53b2730>,<rdkit.DataStructs.cDataStructs.ExplicitBitVect object at 0x7ff3b520c580>,0,0.526816433920259,-15.327
1622,59050372,"(2S,3S,4S,6R)-3-methoxy-2,4-dimethyl-29-oxa-1,7,17-triazaoctacyclo[12.12.2.12,6.07,28.08,13.015,19.020,27.021,26]nonacosa-8,10,12,14,19,21,23,25,27-nonaen-16-one",CC1CC2N3C4=CC=CC=C4C5=C6C(=C7C8=CC=CC=C8N(C7=C53)C(C1OC)(O2)C)CNC6=O,<rdkit.Chem.rdchem.Mol object at 0x7ff3b538d850>,<rdkit.DataStructs.cDataStructs.ExplicitBitVect object at 0x7ff3b53e3610>,0,0.5738109694393848,-15.31
2669,142221389,"(2S,3R,4R,6R)-3-methoxy-2,4-dimethyl-29-oxa-1,7,17-triazaoctacyclo[12.12.2.12,6.07,28.08,13.015,19.020,27.021,26]nonacosa-8,10,12,14,19,21,23,25,27-nonaen-16-one",CC1CC2N3C4=CC=CC=C4C5=C6C(=C7C8=CC=CC=C8N(C7=C53)C(C1OC)(O2)C)CNC6=O,<rdkit.Chem.rdchem.Mol object at 0x7ff3b53ad5b0>,<rdkit.DataStructs.cDataStructs.ExplicitBitVect object at 0x7ff3b5403370>,0,0.5738109694393848,-15.31
223,10790444,"(2R,3S,4S,6S)-3,11-dihydroxy-2-methyl-4-(methylamino)-29-oxa-1,7,17-triazaoctacyclo[12.12.2.12,6.07,28.08,13.015,19.020,27.021,26]nonacosa-8(13),9,11,14,19,21,23,25,27-nonaen-16-one",CC12C(C(CC(O1)N3C4=C(C=C(C=C4)O)C5=C6C(=C7C8=CC=CC=C8N2C7=C53)CNC6=O)NC)O,<rdkit.Chem.rdchem.Mol object at 0x7ff3b5364120>,<rdkit.DataStructs.cDataStructs.ExplicitBitVect object at 0x7ff3b53b9ee0>,0,0.5246306415705323,-15.3
1479,58434738,"(2S,3R,4R,6R)-2,3-dimethyl-4-(methylamino)-29-oxa-1,7,17-triazaoctacyclo[12.12.2.12,6.07,28.08,13.015,19.020,27.021,26]nonacosa-8,10,12,14,19,21,23,25,27-nonaen-16-one",CC1C(CC2N3C4=CC=CC=C4C5=C6C(=C7C8=CC=CC=C8N(C7=C53)C1(O2)C)CNC6=O)NC,<rdkit.Chem.rdchem.Mol object at 0x7ff3b53898c0>,<rdkit.DataStructs.cDataStructs.ExplicitBitVect object at 0x7ff3b53df680>,0,0.5902044120623355,-15.294
1477,58420787,"(2S,3S,4S,6R)-2,3-dimethyl-4-(methylamino)-29-oxa-1,7,17-triazaoctacyclo[12.12.2.12,6.07,28.08,13.015,19.020,27.021,26]nonacosa-8,10,12,14,19,21,23,25,27-nonaen-16-one",CC1C(CC2N3C4=CC=CC=C4C5=C6C(=C7C8=CC=CC=C8N(C7=C53)C1(O2)C)CNC6=O)NC,<rdkit.Chem.rdchem.Mol object at 0x7ff3b53897e0>,<rdkit.DataStructs.cDataStructs.ExplicitBitVect object at 0x7ff3b53df5a0>,0,0.5902044120623355,-15.294
2231,76781574,"2,3-Dimethyl-4-(methylamino)-29-oxa-1,7,17-triazaoctacyclo[12.12.2.12,6.07,28.08,13.015,19.020,27.021,26]nonacosa-8,10,12,14,19,21,23,25,27-nonaen-16-one",CC1C(CC2N3C4=CC=CC=C4C5=C6C(=C7C8=CC=CC=C8N(C7=C53)C1(O2)C)CNC6=O)NC,<rdkit.Chem.rdchem.Mol object at 0x7ff3b539fa70>,<rdkit.DataStructs.cDataStructs.ExplicitBitVect object at 0x7ff3b53f58c0>,0,0.5902044120623355,-15.284
1715,66636374,"(2R,3S,4S,6S)-2,3-dimethyl-4-(methylamino)-29-oxa-1,7,17-triazaoctacyclo[12.12.2.12,6.07,28.08,13.015,19.020,27.021,26]nonacosa-8,10,12,14,19,21,23,25,27-nonaen-16-one",CC1C(CC2N3C4=CC=CC=C4C5=C6C(=C7C8=CC=CC=C8N(C7=C53)C1(O2)C)CNC6=O)NC,<rdkit.Chem.rdchem.Mol object at 0x7ff3b53902e0>,<rdkit.DataStructs.cDataStructs.ExplicitBitVect object at 0x7ff3b53e60a0>,0,0.5902044120623355,-15.284
2416,100975860,"(2S,3S,4S,6R)-3,11-dihydroxy-2-methyl-4-(methylamino)-29-oxa-1,7,17-triazaoctacyclo[12.12.2.12,6.07,28.08,13.015,19.020,27.021,26]nonacosa-8(13),9,11,14,19,21,23,25,27-nonaen-16-one",CC12C(C(CC(O1)N3C4=C(C=C(C=C4)O)C5=C6C(=C7C8=CC=CC=C8N2C7=C53)CNC6=O)NC)O,<rdkit.Chem.rdchem.Mol object at 0x7ff3b53a5bd0>,<rdkit.DataStructs.cDataStructs.ExplicitBitVect object at 0x7ff3b53fb990>,0,0.5246306415705323,-15.281
294,11526315,"1-[(2R,3S,4S,6S)-3-methoxy-2-methyl-16-oxo-29-oxa-1,7,17-triazaoctacyclo[12.12.2.12,6.07,28.08,13.015,19.020,27.021,26]nonacosa-8,10,12,14,19,21,23,25,27-nonaen-4-yl]-1-methylurea",CC12C(C(CC(O1)N3C4=CC=CC=C4C5=C6C(=C7C8=CC=CC=C8N2C7=C53)CNC6=O)N(C)C(=O)N)OC,<rdkit.Chem.rdchem.Mol object at 0x7ff3b5366f80>,<rdkit.DataStructs.cDataStructs.ExplicitBitVect object at 0x7ff3b53bcdd0>,0,0.5082371989475815,-15.244
2169,72994934,"1-(3-Methoxy-2-methyl-16-oxo-29-oxa-1,7,17-triazaoctacyclo[12.12.2.12,6.07,28.08,13.015,19.020,27.021,26]nonacosa-8,10,12,14,19,21,23,25,27-nonaen-4-yl)-1-methylurea",CC12C(C(CC(O1)N3C4=CC=CC=C4C5=C6C(=C7C8=CC=CC=C8N2C7=C53)CNC6=O)N(C)C(=O)N)OC,<rdkit.Chem.rdchem.Mol object at 0x7ff3b539df50>,<rdkit.DataStructs.cDataStructs.ExplicitBitVect object at 0x7ff3b53f3d10>,0,0.5082371989475815,-15.244
1708,60090213,"[(2S,3R,4R)-3-methoxy-2-methyl-16-oxo-29-oxa-1,7,17-triazaoctacyclo[12.12.2.12,6.07,28.08,13.015,19.020,27.021,26]nonacosa-8,10,12,14,19,21,23,25,27-nonaen-4-yl]-trimethylazanium",CC12C(C(CC(O1)N3C4=CC=CC=C4C5=C6C(=C7C8=CC=CC=C8N2C7=C53)CNC6=O)[N+](C)(C)C)OC,<rdkit.Chem.rdchem.Mol object at 0x7ff3b538fdf0>,<rdkit.DataStructs.cDataStructs.ExplicitBitVect object at 0x7ff3b53e5c40>,0,0.5738109694393848,-15.22
1290,44353115,"[(2R,3S,4S,6S)-3-methoxy-2-methyl-16-oxo-29-oxa-1,7,17-triazaoctacyclo[12.12.2.12,6.07,28.08,13.015,19.020,27.021,26]nonacosa-8,10,12,14,19,21,23,25,27-nonaen-4-yl]-trimethylazanium",CC12C(C(CC(O1)N3C4=CC=CC=C4C5=C6C(=C7C8=CC=CC=C8N2C7=C53)CNC6=O)[N+](C)(C)C)OC,<rdkit.Chem.rdchem.Mol object at 0x7ff3b5384430>,<rdkit.DataStructs.cDataStructs.ExplicitBitVect object at 0x7ff3b53da1f0>,0,0.5738109694393848,-15.22
2766,146639360,"(2S,3R,4R,6R)-4-[[hydroxy(phenyl)methyl]-methylamino]-3-methoxy-2-methyl-29-oxa-1,7,17-triazaoctacyclo[12.12.2.12,6.07,28.08,13.015,19.020,27.021,26]nonacosa-8,10,12,14,19,21,23,25,27-nonaen-16-one",CC12C(C(CC(O1)N3C4=CC=CC=C4C5=C6C(=C7C8=CC=CC=C8N2C7=C53)CNC6=O)N(C)C(C9=CC=CC=C9)O)OC,<rdkit.Chem.rdchem.Mol object at 0x7ff3b53b0ba0>,<rdkit.DataStructs.cDataStructs.ExplicitBitVect object at 0x7ff3b5406960>,0,0.5246306415705323,-15.214
2768,147438788,"(9R,11R,12R,13R)-13-amino-12-methoxy-11-(methylamino)-32-oxa-8,27-diazaoctacyclo[14.13.2.19,13.02,7.08,30.018,23.024,31.025,29]dotriaconta-1(29),2,4,6,18,20,22,24,30-nonaen-28-one",CNC1CC2N3C4=CC=CC=C4C5=C6C(=C7C8=CC=CC=C8CC(C7=C53)CCC(C1OC)(O2)N)CNC6=O,<rdkit.Chem.rdchem.Mol object at 0x7ff3b53b0c80>,<rdkit.DataStructs.cDataStructs.ExplicitBitVect object at 0x7ff3b5406a40>,0,0.5301421624523756,-15.187
2630,137271279,"[(2S,3R,4R,6R)-3-methoxy-2-methyl-16-oxo-29-oxa-1,7,17-triazaoctacyclo[12.12.2.12,6.07,28.08,13.015,19.020,27.021,26]nonacosa-8,10,12,14,19,21,23,25,27-nonaen-4-yl]carbamoylazanium",CC12C(C(CC(O1)N3C4=CC=CC=C4C5=C6C(=C7C8=CC=CC=C8N2C7=C53)CNC6=O)NC(=O)[NH3+])OC,<rdkit.Chem.rdchem.Mol object at 0x7ff3b53abd80>,<rdkit.DataStructs.cDataStructs.ExplicitBitVect object at 0x7ff3b5401bd0>,0,0.639344262295082,-15.186
2824,155381410,"2,2,2-trifluoro-N-[2-[[(2S,3R,4R,6R)-3-methoxy-2-methyl-16-oxo-29-oxa-1,7,17-triazaoctacyclo[12.12.2.12,6.07,28.08,13.015,19.020,27.021,26]nonacosa-8,10,12,14,19,21,23,25,27-nonaen-4-yl]-methylamino]-2-oxoethyl]acetamide",CC12C(C(CC(O1)N3C4=CC=CC=C4C5=C6C(=C7C8=CC=CC=C8N2C7=C53)CNC6=O)N(C)C(=O)CNC(=O)C(F)(F)F)OC,<rdkit.Chem.rdchem.Mol object at 0x7ff3b53b2500>,<rdkit.DataStructs.cDataStructs.ExplicitBitVect object at 0x7ff3b520c350>,0,0.5082371989475815,-15.175
222,10767573,"(2S,3R,4R,6R)-3-methoxy-N,N,2-trimethyl-16-oxo-29-oxa-1,7,17-triazaoctacyclo[12.12.2.12,6.07,28.08,13.015,19.020,27.021,26]nonacosa-8,10,12,14,19,21,23,25,27-nonaen-4-amine oxide",CC12C(C(CC(O1)N3C4=CC=CC=C4C5=C6C(=C7C8=CC=CC=C8N2C7=C53)CNC6=O)[N+](C)(C)[O-])OC,<rdkit.Chem.rdchem.Mol object at 0x7ff3b53640b0>,<rdkit.DataStructs.cDataStructs.ExplicitBitVect object at 0x7ff3b53b9e70>,0,0.5245901639344263,-15.173
2554,132917955,"(2S,3R,4R,6R)-3-methoxy-2-methyl-4-[methyl-(5-phenyl-1,3-oxazol-2-yl)amino]-29-oxa-1,7,17-triazaoctacyclo[12.12.2.12,6.07,28.08,13.015,19.020,27.021,26]nonacosa-8,10,12,14,19,21,23,25,27-nonaen-16-one",CC12C(C(CC(O1)N3C4=CC=CC=C4C5=C6C(=C7C8=CC=CC=C8N2C7=C53)CNC6=O)N(C)C9=NC=C(O9)C1=CC=CC=C1)OC,<rdkit.Chem.rdchem.Mol object at 0x7ff3b53a9a80>,<rdkit.DataStructs.cDataStructs.ExplicitBitVect object at 0x7ff3b53ff840>,0,0.5245901639344263,-15.171
1640,59476516,"(2R,4R,5R,6S)-4-amino-5-methoxy-6-methyl-29-oxa-1,7,17-triazaoctacyclo[12.12.2.12,6.07,28.08,13.015,19.020,27.021,26]nonacosa-8,10,12,14,19,21,23,25,27-nonaen-16-one",CC12C(C(CC(O1)N3C4=CC=CC=C4C5=C6CNC(=O)C6=C7C8=CC=CC=C8N2C7=C53)N)OC,<rdkit.Chem.rdchem.Mol object at 0x7ff3b538e030>,<rdkit.DataStructs.cDataStructs.ExplicitBitVect object at 0x7ff3b53e3df0>,0,0.557417526816434,-15.142
207,10367272,"(2S,4S,5S,6R)-5-methoxy-6-methyl-4-(methylamino)-29-oxa-1,7,17-triazaoctacyclo[12.12.2.12,6.07,28.08,13.015,19.020,27.021,26]nonacosa-8,10,12,14,19,21,23,25,27-nonaen-16-one",CC12C(C(CC(O1)N3C4=CC=CC=C4C5=C6CNC(=O)C6=C7C8=CC=CC=C8N2C7=C53)NC)OC,<rdkit.Chem.rdchem.Mol object at 0x7ff3b5363920>,<rdkit.DataStructs.cDataStructs.ExplicitBitVect object at 0x7ff3b53b9770>,0,0.8688524590163934,-15.093
2421,101239547,"(4R,5R,6S)-5-methoxy-6-methyl-4-(methylamino)-29-oxa-1,7,17-triazaoctacyclo[12.12.2.12,6.07,28.08,13.015,19.020,27.021,26]nonacosa-8,10,12,14,19,21,23,25,27-nonaen-16-one",CC12C(C(CC(O1)N3C4=CC=CC=C4C5=C6CNC(=O)C6=C7C8=CC=CC=C8N2C7=C53)NC)OC,<rdkit.Chem.rdchem.Mol object at 0x7ff3b53a5e00>,<rdkit.DataStructs.cDataStructs.ExplicitBitVect object at 0x7ff3b53fbbc0>,0,0.8688524590163934,-15.093
225,11070654,"(2R,4R,5R,6S)-5-methoxy-6-methyl-4-(methylamino)-29-oxa-1,7,17-triazaoctacyclo[12.12.2.12,6.07,28.08,13.015,19.020,27.021,26]nonacosa-8,10,12,14,19,21,23,25,27-nonaen-16-one",CC12C(C(CC(O1)N3C4=CC=CC=C4C5=C6CNC(=O)C6=C7C8=CC=CC=C8N2C7=C53)NC)OC,<rdkit.Chem.rdchem.Mol object at 0x7ff3b5364200>,<rdkit.DataStructs.cDataStructs.ExplicitBitVect object at 0x7ff3b53b9fc0>,0,0.8688524590163934,-15.062
2171,73086852,"3-Methoxy-2-methyl-4-nitro-29-oxa-1,7,17-triazaoctacyclo[12.12.2.12,6.07,28.08,13.015,19.020,27.021,26]nonacosa-8,10,12,14,19,21,23,25,27-nonaen-16-one",CC12C(C(CC(O1)N3C4=CC=CC=C4C5=C6C(=C7C8=CC=CC=C8N2C7=C53)CNC6=O)[N+](=O)[O-])OC,<rdkit.Chem.rdchem.Mol object at 0x7ff3b539e030>,<rdkit.DataStructs.cDataStructs.ExplicitBitVect object at 0x7ff3b53f3df0>,0,0.5245901639344263,-15.028
1288,44352973,"2-amino-N-[(2R,3S,4S,6S)-3-methoxy-2-methyl-16-oxo-29-oxa-1,7,17-triazaoctacyclo[12.12.2.12,6.07,28.08,13.015,19.020,27.021,26]nonacosa-8,10,12,14,19,21,23,25,27-nonaen-4-yl]-N-methylacetamide",CC12C(C(CC(O1)N3C4=CC=CC=C4C5=C6C(=C7C8=CC=CC=C8N2C7=C53)CNC6=O)N(C)C(=O)CN)OC,<rdkit.Chem.rdchem.Mol object at 0x7ff3b5384350>,<rdkit.DataStructs.cDataStructs.ExplicitBitVect object at 0x7ff3b53da110>,0,0.5082371989475815,-15.017
1638,59202789,"(2S,3R,4R,6R)-3-methoxy-2-methyl-4-[methyl(propan-2-yl)amino]-29-oxa-1,7,17-triazaoctacyclo[12.12.2.12,6.07,28.08,13.015,19.020,27.021,26]nonacosa-8,10,12,14,19,21,23,25,27-nonaen-16-one",CC(C)N(C)C1CC2N3C4=CC=CC=C4C5=C6C(=C7C8=CC=CC=C8N(C7=C53)C(C1OC)(O2)C)CNC6=O,<rdkit.Chem.rdchem.Mol object at 0x7ff3b538df50>,<rdkit.DataStructs.cDataStructs.ExplicitBitVect object at 0x7ff3b53e3d10>,0,0.5082371989475815,-15.0
2815,155381209,"2-amino-N-[(2S,3R,4R,6R)-3-methoxy-2-methyl-16-oxo-29-oxa-1,7,17-triazaoctacyclo[12.12.2.12,6.07,28.08,13.015,19.020,27.021,26]nonacosa-8,10,12,14,19,21,23,25,27-nonaen-4-yl]-N-methylacetamide",CC12C(C(CC(O1)N3C4=CC=CC=C4C5=C6C(=C7C8=CC=CC=C8N2C7=C53)CNC6=O)N(C)C(=O)CN)OC,<rdkit.Chem.rdchem.Mol object at 0x7ff3b53b2110>,<rdkit.DataStructs.cDataStructs.ExplicitBitVect object at 0x7ff3b5407ed0>,0,0.5082371989475815,-14.992
1364,44631347,"(2S,3R,4R,6S)-4-(dimethylamino)-3-methoxy-2-methyl-29-oxa-1,7,17-triazaoctacyclo[12.12.2.12,6.07,28.08,13.015,19.020,27.021,26]nonacosa-8,10,12,14,19,21,23,25,27-nonaen-16-one",CC12C(C(CC(O1)N3C4=CC=CC=C4C5=C6C(=C7C8=CC=CC=C8N2C7=C53)CNC6=O)N(C)C)OC,<rdkit.Chem.rdchem.Mol object at 0x7ff3b5386500>,<rdkit.DataStructs.cDataStructs.ExplicitBitVect object at 0x7ff3b53dc350>,0,0.557417526816434,-14.986
427,17975556,"4-(Dimethylamino)-3-methoxy-2-methyl-29-oxa-1,7,17-triazaoctacyclo[12.12.2.12,6.07,28.08,13.015,19.020,27.021,26]nonacosa-8,10,12,14,19,21,23,25,27-nonaen-16-one",CC12C(C(CC(O1)N3C4=CC=CC=C4C5=C6C(=C7C8=CC=CC=C8N2C7=C53)CNC6=O)N(C)C)OC,<rdkit.Chem.rdchem.Mol object at 0x7ff3b536b370>,<rdkit.DataStructs.cDataStructs.ExplicitBitVect object at 0x7ff3b53c11c0>,0,0.557417526816434,-14.986
2417,101168489,"(2R,3R,4R,6S)-4-(dimethylamino)-3-methoxy-2-methyl-29-oxa-1,7,17-triazaoctacyclo[12.12.2.12,6.07,28.08,13.015,19.020,27.021,26]nonacosa-8,10,12,14,19,21,23,25,27-nonaen-16-one",CC12C(C(CC(O1)N3C4=CC=CC=C4C5=C6C(=C7C8=CC=CC=C8N2C7=C53)CNC6=O)N(C)C)OC,<rdkit.Chem.rdchem.Mol object at 0x7ff3b53a5c40>,<rdkit.DataStructs.cDataStructs.ExplicitBitVect object at 0x7ff3b53fba00>,0,0.557417526816434,-14.986
2588,134867115,"(2S,3S,4R)-4-methoxy-2-methyl-3-(methylamino)-29-oxa-1,7,17-triazaoctacyclo[12.12.2.12,6.07,28.08,13.015,19.020,27.021,26]nonacosa-8,10,12,14,19,21,23,25,27-nonaen-16-one",CC12C(C(CC(O1)N3C4=CC=CC=C4C5=C6C(=C7C8=CC=CC=C8N2C7=C53)CNC6=O)OC)NC,<rdkit.Chem.rdchem.Mol object at 0x7ff3b53aa9d0>,<rdkit.DataStructs.cDataStructs.ExplicitBitVect object at 0x7ff3b5400820>,0,0.5082371989475815,-14.97
1291,44353130,"ethyl-[(2R,3S,4S,6S)-3-methoxy-2-methyl-16-oxo-29-oxa-1,7,17-triazaoctacyclo[12.12.2.12,6.07,28.08,13.015,19.020,27.021,26]nonacosa-8,10,12,14,19,21,23,25,27-nonaen-4-yl]-dimethylazanium",CC[N+](C)(C)C1CC2N3C4=CC=CC=C4C5=C6C(=C7C8=CC=CC=C8N(C7=C53)C(C1OC)(O2)C)CNC6=O,<rdkit.Chem.rdchem.Mol object at 0x7ff3b53844a0>,<rdkit.DataStructs.cDataStructs.ExplicitBitVect object at 0x7ff3b53da260>,0,0.5738109694393848,-14.927
337,15625653,"(2R,3S,4S,6S)-4-amino-3-methoxy-2-methyl-29-oxa-1,7,17-triazaoctacyclo[12.12.2.12,6.07,28.08,13.015,19.020,27.021,26]nonacosa-8,10,12,14,19,21,23,25,27-nonaen-16-one",CC12C(C(CC(O1)N3C4=CC=CC=C4C5=C6C(=C7C8=CC=CC=C8N2C7=C53)CNC6=O)N)OC,<rdkit.Chem.rdchem.Mol object at 0x7ff3b53684a0>,<rdkit.DataStructs.cDataStructs.ExplicitBitVect object at 0x7ff3b53be260>,0,0.557417526816434,-14.91
2814,155381208,"tert-butyl N-[2-[[(2S,3R,4R,6R)-3-methoxy-2-methyl-16-oxo-29-oxa-1,7,17-triazaoctacyclo[12.12.2.12,6.07,28.08,13.015,19.020,27.021,26]nonacosa-8,10,12,14,19,21,23,25,27-nonaen-4-yl]-methylamino]-2-oxoethyl]carbamate",CC12C(C(CC(O1)N3C4=CC=CC=C4C5=C6C(=C7C8=CC=CC=C8N2C7=C53)CNC6=O)N(C)C(=O)CNC(=O)OC(C)(C)C)OC,<rdkit.Chem.rdchem.Mol object at 0x7ff3b53b20a0>,<rdkit.DataStructs.cDataStructs.ExplicitBitVect object at 0x7ff3b5407e60>,0,0.5246306415705323,-14.907
1280,44352816,"tert-butyl N-[2-[[(2R,3S,4S,6S)-3-methoxy-2-methyl-16-oxo-29-oxa-1,7,17-triazaoctacyclo[12.12.2.12,6.07,28.08,13.015,19.020,27.021,26]nonacosa-8,10,12,14,19,21,23,25,27-nonaen-4-yl]-methylamino]-2-oxoethyl]carbamate",CC12C(C(CC(O1)N3C4=CC=CC=C4C5=C6C(=C7C8=CC=CC=C8N2C7=C53)CNC6=O)N(C)C(=O)CNC(=O)OC(C)(C)C)OC,<rdkit.Chem.rdchem.Mol object at 0x7ff3b5383f40>,<rdkit.DataStructs.cDataStructs.ExplicitBitVect object at 0x7ff3b53d9d90>,0,0.5246306415705323,-14.904
2826,155381495,"ethyl-[(2S,3R,4R,6R)-3-methoxy-2-methyl-16-oxo-29-oxa-1,7,17-triazaoctacyclo[12.12.2.12,6.07,28.08,13.015,19.020,27.021,26]nonacosa-8,10,12,14,19,21,23,25,27-nonaen-4-yl]-dimethylazanium",CC[N+](C)(C)C1CC2N3C4=CC=CC=C4C5=C6C(=C7C8=CC=CC=C8N(C7=C53)C(C1OC)(O2)C)CNC6=O,<rdkit.Chem.rdchem.Mol object at 0x7ff3b53b25e0>,<rdkit.DataStructs.cDataStructs.ExplicitBitVect object at 0x7ff3b520c430>,0,0.5738109694393848,-14.89
1100,21581283,"[(2S,3R,4R,6R)-3-methoxy-2-methyl-16-oxo-29-oxa-1,7,17-triazaoctacyclo[12.12.2.12,6.07,28.08,13.015,19.020,27.021,26]nonacosa-8,10,12,14,19,21,23,25,27-nonaen-4-yl]azanium",CC12C(C(CC(O1)N3C4=CC=CC=C4C5=C6C(=C7C8=CC=CC=C8N2C7=C53)CNC6=O)[NH3+])OC,<rdkit.Chem.rdchem.Mol object at 0x7ff3b537ec70>,<rdkit.DataStructs.cDataStructs.ExplicitBitVect object at 0x7ff3b53d4ac0>,0,0.5738109694393848,-14.889
428,17975558,"4-Hydroxy-3-methoxy-2-methyl-29-oxa-1,7,17-triazaoctacyclo[12.12.2.12,6.07,28.08,13.015,19.020,27.021,26]nonacosa-8,10,12,14,19,21,23,25,27-nonaen-16-one",CC12C(C(CC(O1)N3C4=CC=CC=C4C5=C6C(=C7C8=CC=CC=C8N2C7=C53)CNC6=O)O)OC,<rdkit.Chem.rdchem.Mol object at 0x7ff3b536b3e0>,<rdkit.DataStructs.cDataStructs.ExplicitBitVect object at 0x7ff3b53c1230>,0,0.5738109694393848,-14.888
219,10551634,"(2S,3R,4S,6R)-4-hydroxy-3-methoxy-2-methyl-29-oxa-1,7,17-triazaoctacyclo[12.12.2.12,6.07,28.08,13.015,19.020,27.021,26]nonacosa-8,10,12,14,19,21,23,25,27-nonaen-16-one",CC12C(C(CC(O1)N3C4=CC=CC=C4C5=C6C(=C7C8=CC=CC=C8N2C7=C53)CNC6=O)O)OC,<rdkit.Chem.rdchem.Mol object at 0x7ff3b5363ed0>,<rdkit.DataStructs.cDataStructs.ExplicitBitVect object at 0x7ff3b53b9d20>,0,0.5738109694393848,-14.884
2425,101599076,"(2S,3S,4S,6R)-4-hydroxy-3-methoxy-2-methyl-29-oxa-1,7,17-triazaoctacyclo[12.12.2.12,6.07,28.08,13.015,19.020,27.021,26]nonacosa-8,10,12,14,19,21,23,25,27-nonaen-16-one",CC12C(C(CC(O1)N3C4=CC=CC=C4C5=C6C(=C7C8=CC=CC=C8N2C7=C53)CNC6=O)O)OC,<rdkit.Chem.rdchem.Mol object at 0x7ff3b53a5fc0>,<rdkit.DataStructs.cDataStructs.ExplicitBitVect object at 0x7ff3b53fbd80>,0,0.5738109694393848,-14.884
2434,102331686,"(2S,3S,4R,6R)-4-hydroxy-3-methoxy-2-methyl-29-oxa-1,7,17-triazaoctacyclo[12.12.2.12,6.07,28.08,13.015,19.020,27.021,26]nonacosa-8,10,12,14,19,21,23,25,27-nonaen-16-one",CC12C(C(CC(O1)N3C4=CC=CC=C4C5=C6C(=C7C8=CC=CC=C8N2C7=C53)CNC6=O)O)OC,<rdkit.Chem.rdchem.Mol object at 0x7ff3b53a63b0>,<rdkit.DataStructs.cDataStructs.ExplicitBitVect object at 0x7ff3b53fc200>,0,0.5738109694393848,-14.884
2413,100975857,"(2S,3S,4S,6R)-4-amino-3-methoxy-2-methyl-29-oxa-1,7,17-triazaoctacyclo[12.12.2.12,6.07,28.08,13.015,19.020,27.021,26]nonacosa-8,10,12,14,19,21,23,25,27-nonaen-16-one",CC12C(C(CC(O1)N3C4=CC=CC=C4C5=C6C(=C7C8=CC=CC=C8N2C7=C53)CNC6=O)N)OC,<rdkit.Chem.rdchem.Mol object at 0x7ff3b53a5a80>,<rdkit.DataStructs.cDataStructs.ExplicitBitVect object at 0x7ff3b53fb840>,0,0.557417526816434,-14.868
344,15939267,"[(2R,3S,4S,6S)-3-methoxy-2-methyl-16-oxo-29-oxa-1,7,17-triazaoctacyclo[12.12.2.12,6.07,28.08,13.015,19.020,27.021,26]nonacosa-8,10,12,14,19,21,23,25,27-nonaen-4-yl]-methylazanium",CC12C(C(CC(O1)N3C4=CC=CC=C4C5=C6C(=C7C8=CC=CC=C8N2C7=C53)CNC6=O)[NH2+]C)OC,<rdkit.Chem.rdchem.Mol object at 0x7ff3b53687b0>,<rdkit.DataStructs.cDataStructs.ExplicitBitVect object at 0x7ff3b53be570>,0,0.557417526816434,-14.827
1262,25322870,"[(2S,3R,4S,6R)-3-methoxy-2-methyl-16-oxo-29-oxa-1,7,17-triazaoctacyclo[12.12.2.12,6.07,28.08,13.015,19.020,27.021,26]nonacosa-8,10,12,14,19,21,23,25,27-nonaen-4-yl]-methylazanium",CC12C(C(CC(O1)N3C4=CC=CC=C4C5=C6C(=C7C8=CC=CC=C8N2C7=C53)CNC6=O)[NH2+]C)OC,<rdkit.Chem.rdchem.Mol object at 0x7ff3b5383760>,<rdkit.DataStructs.cDataStructs.ExplicitBitVect object at 0x7ff3b53d95b0>,0,0.557417526816434,-14.826
2247,86306247,"[(2S,3S,4R,6R)-3-methoxy-2-methyl-16-oxo-29-oxa-1,7,17-triazaoctacyclo[12.12.2.12,6.07,28.08,13.015,19.020,27.021,26]nonacosa-8,10,12,14,19,21,23,25,27-nonaen-4-yl]-methylazanium",CC12C(C(CC(O1)N3C4=CC=CC=C4C5=C6C(=C7C8=CC=CC=C8N2C7=C53)CNC6=O)[NH2+]C)OC,<rdkit.Chem.rdchem.Mol object at 0x7ff3b53a0270>,<rdkit.DataStructs.cDataStructs.ExplicitBitVect object at 0x7ff3b53f6030>,0,0.557417526816434,-14.826
2821,155381403,"(2S)-2-amino-3-hydroxy-N-[(2S,3R,4R,6R)-3-methoxy-2-methyl-16-oxo-29-oxa-1,7,17-triazaoctacyclo[12.12.2.12,6.07,28.08,13.015,19.020,27.021,26]nonacosa-8,10,12,14,19,21,23,25,27-nonaen-4-yl]-N-methylpropanamide",CC12C(C(CC(O1)N3C4=CC=CC=C4C5=C6C(=C7C8=CC=CC=C8N2C7=C53)CNC6=O)N(C)C(=O)C(CO)N)OC,<rdkit.Chem.rdchem.Mol object at 0x7ff3b53b23b0>,<rdkit.DataStructs.cDataStructs.ExplicitBitVect object at 0x7ff3b520c200>,0,0.5246306415705323,-14.812
2729,143494026,"(4S)-3-methoxy-2-methyl-4-(methylamino)-29-oxa-1,7,17-triazaoctacyclo[12.12.2.12,6.07,28.08,13.015,19.020,27.021,26]nonacosa-8,10,12,14,19,21,23,25,27-nonaen-16-one",CC12C(C(CC(O1)N3C4=CC=CC=C4C5=C6C(=C7C8=CC=CC=C8N2C7=C53)CNC6=O)NC)OC,<rdkit.Chem.rdchem.Mol object at 0x7ff3b53af680>,<rdkit.DataStructs.cDataStructs.ExplicitBitVect object at 0x7ff3b54054d0>,0,0.8688524590163934,-14.799
45,6419748,"(3R,4R,6R)-3-methoxy-2-methyl-4-(methylamino)-29-oxa-1,7,17-triazaoctacyclo[12.12.2.12,6.07,28.08,13.015,19.020,27.021,26]nonacosa-8,10,12,14,19,21,23,25,27-nonaen-16-one",CC12C(C(CC(O1)N3C4=CC=CC=C4C5=C6C(=C7C8=CC=CC=C8N2C7=C53)CNC6=O)NC)OC,<rdkit.Chem.rdchem.Mol object at 0x7ff3b5356d50>,<rdkit.DataStructs.cDataStructs.ExplicitBitVect object at 0x7ff3b53b4ba0>,0,0.8688524590163934,-14.799
44,5459111,"(3S,4S,6R)-3-methoxy-2-methyl-4-(methylamino)-29-oxa-1,7,17-triazaoctacyclo[12.12.2.12,6.07,28.08,13.015,19.020,27.021,26]nonacosa-8,10,12,14,19,21,23,25,27-nonaen-16-one",CC12C(C(CC(O1)N3C4=CC=CC=C4C5=C6C(=C7C8=CC=CC=C8N2C7=C53)CNC6=O)NC)OC,<rdkit.Chem.rdchem.Mol object at 0x7ff3b5356ce0>,<rdkit.DataStructs.cDataStructs.ExplicitBitVect object at 0x7ff3b53b4b30>,0,0.8688524590163934,-14.799
1268,44120114,"(2R,3R,4R,6S)-3-methoxy-2-methyl-4-(methylamino)-29-oxa-1,7,17-triazaoctacyclo[12.12.2.12,6.07,28.08,13.015,19.020,27.021,26]nonacosa-8,10,12,14,19,21,23,25,27-nonaen-16-one",CC12C(C(CC(O1)N3C4=CC=CC=C4C5=C6C(=C7C8=CC=CC=C8N2C7=C53)CNC6=O)NC)OC,<rdkit.Chem.rdchem.Mol object at 0x7ff3b5383a00>,<rdkit.DataStructs.cDataStructs.ExplicitBitVect object at 0x7ff3b53d9850>,0,0.8688524590163934,-14.799
95,9937179,"(2S,3R,4R,6S)-3-methoxy-2-methyl-4-(methylamino)-29-oxa-1,7,17-triazaoctacyclo[12.12.2.12,6.07,28.08,13.015,19.020,27.021,26]nonacosa-8,10,12,14,19,21,23,25,27-nonaen-16-one",CC12C(C(CC(O1)N3C4=CC=CC=C4C5=C6C(=C7C8=CC=CC=C8N2C7=C53)CNC6=O)NC)OC,<rdkit.Chem.rdchem.Mol object at 0x7ff3b5360510>,<rdkit.DataStructs.cDataStructs.ExplicitBitVect object at 0x7ff3b53b62d0>,0,0.8688524590163934,-14.799
77,6711321,"(3S,4S,6S)-3-Methoxy-2-methyl-4-(methylamino)-29-oxa-1,7,17-triazaoctacyclo[12.12.2.12,6.07,28.08,13.015,19.020,27.021,26]nonacosa-8,10,12,14,19,21,23,25,27-nonaen-16-one",CC12C(C(CC(O1)N3C4=CC=CC=C4C5=C6C(=C7C8=CC=CC=C8N2C7=C53)CNC6=O)NC)OC,<rdkit.Chem.rdchem.Mol object at 0x7ff3b5357b50>,<rdkit.DataStructs.cDataStructs.ExplicitBitVect object at 0x7ff3b53b59a0>,0,0.8688524590163934,-14.799
2222,73953205,"(2R,4S,6S)-3-methoxy-2-methyl-4-(methylamino)-29-oxa-1,7,17-triazaoctacyclo[12.12.2.12,6.07,28.08,13.015,19.020,27.021,26]nonacosa-8,10,12,14,19,21,23,25,27-nonaen-16-one",CC12C(C(CC(O1)N3C4=CC=CC=C4C5=C6C(=C7C8=CC=CC=C8N2C7=C53)CNC6=O)NC)OC,<rdkit.Chem.rdchem.Mol object at 0x7ff3b539f680>,<rdkit.DataStructs.cDataStructs.ExplicitBitVect object at 0x7ff3b53f54d0>,0,0.8688524590163934,-14.799
2459,122130844,"(3R,4R,6S)-3-methoxy-2-methyl-4-(methylamino)-29-oxa-1,7,17-triazaoctacyclo[12.12.2.12,6.07,28.08,13.015,19.020,27.021,26]nonacosa-8,10,12,14,19,21,23,25,27-nonaen-16-one",CC12C(C(CC(O1)N3C4=CC=CC=C4C5=C6C(=C7C8=CC=CC=C8N2C7=C53)CNC6=O)NC)OC,<rdkit.Chem.rdchem.Mol object at 0x7ff3b53a6f80>,<rdkit.DataStructs.cDataStructs.ExplicitBitVect object at 0x7ff3b53fcdd0>,0,0.8688524590163934,-14.799
1876,68306294,"(2R,3R,4R,6R)-3-methoxy-2-methyl-4-(methylamino)-29-oxa-1,7,17-triazaoctacyclo[12.12.2.12,6.07,28.08,13.015,19.020,27.021,26]nonacosa-8,10,12,14,19,21,23,25,27-nonaen-16-one",CC12C(C(CC(O1)N3C4=CC=CC=C4C5=C6C(=C7C8=CC=CC=C8N2C7=C53)CNC6=O)NC)OC,<rdkit.Chem.rdchem.Mol object at 0x7ff3b5394d60>,<rdkit.DataStructs.cDataStructs.ExplicitBitVect object at 0x7ff3b53eab20>,0,0.8688524590163934,-14.799
1301,44537813,"(2S,3S,4R,6S)-3-methoxy-2-methyl-4-(methylamino)-29-oxa-1,7,17-triazaoctacyclo[12.12.2.12,6.07,28.08,13.015,19.020,27.021,26]nonacosa-8,10,12,14,19,21,23,25,27-nonaen-16-one",CC12C(C(CC(O1)N3C4=CC=CC=C4C5=C6C(=C7C8=CC=CC=C8N2C7=C53)CNC6=O)NC)OC,<rdkit.Chem.rdchem.Mol object at 0x7ff3b5384900>,<rdkit.DataStructs.cDataStructs.ExplicitBitVect object at 0x7ff3b53da6c0>,0,0.8688524590163934,-14.799
2133,71203703,"(2R,6R)-3-methoxy-2-methyl-4-(methylamino)-29-oxa-1,7,17-triazaoctacyclo[12.12.2.12,6.07,28.08,13.015,19.020,27.021,26]nonacosa-8,10,12,14,19,21,23,25,27-nonaen-16-one",CC12C(C(CC(O1)N3C4=CC=CC=C4C5=C6C(=C7C8=CC=CC=C8N2C7=C53)CNC6=O)NC)OC,<rdkit.Chem.rdchem.Mol object at 0x7ff3b539cdd0>,<rdkit.DataStructs.cDataStructs.ExplicitBitVect object at 0x7ff3b53f2b90>,0,0.8688524590163934,-14.799
16,5280487,"(2R,3S,4S)-3-methoxy-2-methyl-4-(methylamino)-29-oxa-1,7,17-triazaoctacyclo[12.12.2.12,6.07,28.08,13.015,19.020,27.021,26]nonacosa-8,10,12,14,19,21,23,25,27-nonaen-16-one",CC12C(C(CC(O1)N3C4=CC=CC=C4C5=C6C(=C7C8=CC=CC=C8N2C7=C53)CNC6=O)NC)OC,<rdkit.Chem.rdchem.Mol object at 0x7ff3b53560a0>,<rdkit.DataStructs.cDataStructs.ExplicitBitVect object at 0x7ff3b53b3e60>,0,0.8688524590163934,-14.799
80,9804568,"(2R,6S)-3-methoxy-2-methyl-4-(methylamino)-29-oxa-1,7,17-triazaoctacyclo[12.12.2.12,6.07,28.08,13.015,19.020,27.021,26]nonacosa-8,10,12,14,19,21,23,25,27-nonaen-16-one",CC12C(C(CC(O1)N3C4=CC=CC=C4C5=C6C(=C7C8=CC=CC=C8N2C7=C53)CNC6=O)NC)OC,<rdkit.Chem.rdchem.Mol object at 0x7ff3b5357ca0>,<rdkit.DataStructs.cDataStructs.ExplicitBitVect object at 0x7ff3b53b5af0>,0,0.8688524590163934,-14.799
1875,68262703,"(2R,3S,6S)-3-methoxy-2-methyl-4-(methylamino)-29-oxa-1,7,17-triazaoctacyclo[12.12.2.12,6.07,28.08,13.015,19.020,27.021,26]nonacosa-8,10,12,14,19,21,23,25,27-nonaen-16-one",CC12C(C(CC(O1)N3C4=CC=CC=C4C5=C6C(=C7C8=CC=CC=C8N2C7=C53)CNC6=O)NC)OC,<rdkit.Chem.rdchem.Mol object at 0x7ff3b5394cf0>,<rdkit.DataStructs.cDataStructs.ExplicitBitVect object at 0x7ff3b53eaab0>,0,0.8688524590163934,-14.799
1395,46864193,"(3R,4R)-3-methoxy-2-methyl-4-(methylamino)-29-oxa-1,7,17-triazaoctacyclo[12.12.2.12,6.07,28.08,13.015,19.020,27.021,26]nonacosa-8,10,12,14,19,21,23,25,27-nonaen-16-one",CC12C(C(CC(O1)N3C4=CC=CC=C4C5=C6C(=C7C8=CC=CC=C8N2C7=C53)CNC6=O)NC)OC,<rdkit.Chem.rdchem.Mol object at 0x7ff3b5387290>,<rdkit.DataStructs.cDataStructs.ExplicitBitVect object at 0x7ff3b53dd0e0>,0,0.8688524590163934,-14.799
7,358479,"(3S,4S)-3-methoxy-2-methyl-4-(methylamino)-29-oxa-1,7,17-triazaoctacyclo[12.12.2.12,6.07,28.08,13.015,19.020,27.021,26]nonacosa-8,10,12,14,19,21,23,25,27-nonaen-16-one",CC12C(C(CC(O1)N3C4=CC=CC=C4C5=C6C(=C7C8=CC=CC=C8N2C7=C53)CNC6=O)NC)OC,<rdkit.Chem.rdchem.Mol object at 0x7ff3b5355cb0>,<rdkit.DataStructs.cDataStructs.ExplicitBitVect object at 0x7ff3b53b3a70>,0,0.8688524590163934,-14.799
2129,71188964,"(2R,3S,4S,6S)-3-methoxy-2,6-dimethyl-4-(methylamino)-29-oxa-1,7,17-triazaoctacyclo[12.12.2.12,6.07,28.08,13.015,19.020,27.021,26]nonacosa-8,10,12,14,19,21,23,25,27-nonaen-16-one",CC12CC(C(C(O1)(N3C4=CC=CC=C4C5=C6CNC(=O)C6=C7C8=CC=CC=C8N2C7=C53)C)OC)NC,<rdkit.Chem.rdchem.Mol object at 0x7ff3b539cc10>,<rdkit.DataStructs.cDataStructs.ExplicitBitVect object at 0x7ff3b53f29d0>,0,0.5902968542312804,-14.798
2654,140476351,"(3S,4S)-3-methoxy-2,6-dimethyl-4-(methylamino)-29-oxa-1,7,17-triazaoctacyclo[12.12.2.12,6.07,28.08,13.015,19.020,27.021,26]nonacosa-8,10,12,14,19,21,23,25,27-nonaen-16-one",CC12CC(C(C(O1)(N3C4=CC=CC=C4C5=C6CNC(=O)C6=C7C8=CC=CC=C8N2C7=C53)C)OC)NC,<rdkit.Chem.rdchem.Mol object at 0x7ff3b53aca50>,<rdkit.DataStructs.cDataStructs.ExplicitBitVect object at 0x7ff3b5402810>,0,0.5902968542312804,-14.798
1597,58890068,"(2S,3S,4S,6R)-3-methoxy-2,6-dimethyl-4-(methylamino)-29-oxa-1,7,17-triazaoctacyclo[12.12.2.12,6.07,28.08,13.015,19.020,27.021,26]nonacosa-8,10,12,14,19,21,23,25,27-nonaen-16-one",CC12CC(C(C(O1)(N3C4=CC=CC=C4C5=C6CNC(=O)C6=C7C8=CC=CC=C8N2C7=C53)C)OC)NC,<rdkit.Chem.rdchem.Mol object at 0x7ff3b538cd60>,<rdkit.DataStructs.cDataStructs.ExplicitBitVect object at 0x7ff3b53e2b20>,0,0.5902968542312804,-14.789
2446,117853651,"(2S,3R,4R,6R)-3-methoxy-2,6-dimethyl-4-(methylamino)-29-oxa-1,7,17-triazaoctacyclo[12.12.2.12,6.07,28.08,13.015,19.020,27.021,26]nonacosa-8,10,12,14,19,21,23,25,27-nonaen-16-one",CC12CC(C(C(O1)(N3C4=CC=CC=C4C5=C6CNC(=O)C6=C7C8=CC=CC=C8N2C7=C53)C)OC)NC,<rdkit.Chem.rdchem.Mol object at 0x7ff3b53a68f0>,<rdkit.DataStructs.cDataStructs.ExplicitBitVect object at 0x7ff3b53fc740>,0,0.5902968542312804,-14.789
2744,145733276,"(4S,5S)-5-methoxy-6-methyl-4-(methylamino)-30-oxa-1,7,18-triazaoctacyclo[13.12.2.12,6.07,29.08,13.016,20.021,28.022,27]triaconta-8,10,12,15,20,22,24,26,28-nonaen-19-one",CC12C(C(CC(O1)N3C4=CC=CC=C4C5=C6C(=C7CC8=CC=CC=C8N2C7=C53)CNC6=O)NC)OC,<rdkit.Chem.rdchem.Mol object at 0x7ff3b53b0190>,<rdkit.DataStructs.cDataStructs.ExplicitBitVect object at 0x7ff3b5405f50>,0,0.6557847449255592,-14.783
1462,57583397,"(2R,4S,5S,6S)-5-methoxy-6-methyl-4-(methylamino)-30-oxa-1,7,18-triazaoctacyclo[13.12.2.12,6.07,29.08,13.016,20.021,28.022,27]triaconta-8,10,12,15,20,22,24,26,28-nonaen-19-one",CC12C(C(CC(O1)N3C4=CC=CC=C4C5=C6C(=C7CC8=CC=CC=C8N2C7=C53)CNC6=O)NC)OC,<rdkit.Chem.rdchem.Mol object at 0x7ff3b5389150>,<rdkit.DataStructs.cDataStructs.ExplicitBitVect object at 0x7ff3b53def10>,0,0.6557847449255592,-14.783
2822,155381404,"2-acetamido-N-[(2S,3R,4R,6R)-3-methoxy-2-methyl-16-oxo-29-oxa-1,7,17-triazaoctacyclo[12.12.2.12,6.07,28.08,13.015,19.020,27.021,26]nonacosa-8,10,12,14,19,21,23,25,27-nonaen-4-yl]-N-methylacetamide",CC(=O)NCC(=O)N(C)C1CC2N3C4=CC=CC=C4C5=C6C(=C7C8=CC=CC=C8N(C7=C53)C(C1OC)(O2)C)CNC6=O,<rdkit.Chem.rdchem.Mol object at 0x7ff3b53b2420>,<rdkit.DataStructs.cDataStructs.ExplicitBitVect object at 0x7ff3b520c270>,0,0.5246306415705323,-14.782
2121,71029192,"(2S,4S,5S,6R)-5-methoxy-6-methyl-4-(methylamino)-30-oxa-1,7,18-triazaoctacyclo[13.12.2.12,6.07,29.08,13.016,20.021,28.022,27]triaconta-8,10,12,15,20,22,24,26,28-nonaen-19-one",CC12C(C(CC(O1)N3C4=CC=CC=C4C5=C6C(=C7CC8=CC=CC=C8N2C7=C53)CNC6=O)NC)OC,<rdkit.Chem.rdchem.Mol object at 0x7ff3b539c890>,<rdkit.DataStructs.cDataStructs.ExplicitBitVect object at 0x7ff3b53f2650>,0,0.6557847449255592,-14.773
2710,143163481,"(2S,3R,6R)-3-methoxy-2-methyl-4-(methylamino)-29-oxa-1,7,17-triazaoctacyclo[12.12.2.12,6.07,28.08,13.015,19.020,27.021,26]nonacosa-8,10,12,14,19,21,23,25,27-nonaen-16-one",CC12C(C(CC(O1)N3C4=CC=CC=C4C5=C6C(=C7C8=CC=CC=C8N2C7=C53)CNC6=O)NC)OC,<rdkit.Chem.rdchem.Mol object at 0x7ff3b53aeab0>,<rdkit.DataStructs.cDataStructs.ExplicitBitVect object at 0x7ff3b5404900>,0,0.8688524590163934,-14.766
333,12046017,"(2S,6R)-3-methoxy-2-methyl-4-(methylamino)-29-oxa-1,7,17-triazaoctacyclo[12.12.2.12,6.07,28.08,13.015,19.020,27.021,26]nonacosa-8,10,12,14,19,21,23,25,27-nonaen-16-one",CC12C(C(CC(O1)N3C4=CC=CC=C4C5=C6C(=C7C8=CC=CC=C8N2C7=C53)CNC6=O)NC)OC,<rdkit.Chem.rdchem.Mol object at 0x7ff3b53682e0>,<rdkit.DataStructs.cDataStructs.ExplicitBitVect object at 0x7ff3b53be0a0>,0,0.8688524590163934,-14.766
1263,25322871,"(2S,3R,4S,6R)-3-methoxy-2-methyl-4-(methylamino)-29-oxa-1,7,17-triazaoctacyclo[12.12.2.12,6.07,28.08,13.015,19.020,27.021,26]nonacosa-8,10,12,14,19,21,23,25,27-nonaen-16-one",CC12C(C(CC(O1)N3C4=CC=CC=C4C5=C6C(=C7C8=CC=CC=C8N2C7=C53)CNC6=O)NC)OC,<rdkit.Chem.rdchem.Mol object at 0x7ff3b53837d0>,<rdkit.DataStructs.cDataStructs.ExplicitBitVect object at 0x7ff3b53d9620>,0,0.8688524590163934,-14.766
2457,121258908,"2-amino-N-(3-methoxy-2-methyl-16-oxo-29-oxa-1,7,17-triazaoctacyclo[12.12.2.12,6.07,28.08,13.015,19.020,27.021,26]nonacosa-8,10,12,14,19,21,23,25,27-nonaen-4-yl)-N-methyl-5-oxohexanamide",CC(=O)CCC(C(=O)N(C)C1CC2N3C4=CC=CC=C4C5=C6C(=C7C8=CC=CC=C8N(C7=C53)C(C1OC)(O2)C)CNC6=O)N,<rdkit.Chem.rdchem.Mol object at 0x7ff3b53a6ea0>,<rdkit.DataStructs.cDataStructs.ExplicitBitVect object at 0x7ff3b53fccf0>,0,0.5082371989475815,-14.747
2673,142601391,"3-[(2R,4R,5R)-5-methoxy-6,6-dimethyl-4-(methylamino)oxan-2-yl]-3,13,23-triazahexacyclo[14.7.0.02,10.04,9.011,15.017,22]tricosa-1,4,6,8,10,15,17,19,21-nonaen-12-one",CC1(C(C(CC(O1)N2C3=CC=CC=C3C4=C5C(=C6C7=CC=CC=C7NC6=C42)CNC5=O)NC)OC)C,<rdkit.Chem.rdchem.Mol object at 0x7ff3b53ad770>,<rdkit.DataStructs.cDataStructs.ExplicitBitVect object at 0x7ff3b5403530>,0,0.5574645668239603,-14.727
1476,58373367,"(2R,3S,4S,6S)-3-methoxy-2-methyl-4-(methylamino)-17,29-dioxa-1,7-diazaoctacyclo[12.12.2.12,6.07,28.08,13.015,19.020,27.021,26]nonacosa-8,10,12,14,19,21,23,25,27-nonaen-16-one",CC12C(C(CC(O1)N3C4=CC=CC=C4C5=C6C(=C7C8=CC=CC=C8N2C7=C53)COC6=O)NC)OC,<rdkit.Chem.rdchem.Mol object at 0x7ff3b5389770>,<rdkit.DataStructs.cDataStructs.ExplicitBitVect object at 0x7ff3b53df530>,0,0.5167257084298953,-14.726
1274,44299187,"(2S,3R,4R)-3-methoxy-2-methyl-4-(methylamino)-17,29-dioxa-1,7-diazaoctacyclo[12.12.2.12,6.07,28.08,13.015,19.020,27.021,26]nonacosa-8,10,12,14,19,21,23,25,27-nonaen-16-one",CC12C(C(CC(O1)N3C4=CC=CC=C4C5=C6C(=C7C8=CC=CC=C8N2C7=C53)COC6=O)NC)OC,<rdkit.Chem.rdchem.Mol object at 0x7ff3b5383ca0>,<rdkit.DataStructs.cDataStructs.ExplicitBitVect object at 0x7ff3b53d9af0>,0,0.5167257084298953,-14.726
2458,121260573,"Tert-butyl 4-amino-5-[(3-methoxy-2-methyl-16-oxo-29-oxa-1,7,17-triazaoctacyclo[12.12.2.12,6.07,28.08,13.015,19.020,27.021,26]nonacosa-8,10,12,14,19,21,23,25,27-nonaen-4-yl)-methylamino]-5-oxopentanoate",CC12C(C(CC(O1)N3C4=CC=CC=C4C5=C6C(=C7C8=CC=CC=C8N2C7=C53)CNC6=O)N(C)C(=O)C(CCC(=O)OC(C)(C)C)N)OC,<rdkit.Chem.rdchem.Mol object at 0x7ff3b53a6f10>,<rdkit.DataStructs.cDataStructs.ExplicitBitVect object at 0x7ff3b53fcd60>,0,0.5082371989475815,-14.669
217,10480397,"(2S,3R,4R,6R)-4-[hydroxy(methyl)amino]-3-methoxy-2-methyl-29-oxa-1,7,17-triazaoctacyclo[12.12.2.12,6.07,28.08,13.015,19.020,27.021,26]nonacosa-8,10,12,14,19,21,23,25,27-nonaen-16-one",CC12C(C(CC(O1)N3C4=CC=CC=C4C5=C6C(=C7C8=CC=CC=C8N2C7=C53)CNC6=O)N(C)O)OC,<rdkit.Chem.rdchem.Mol object at 0x7ff3b5363d80>,<rdkit.DataStructs.cDataStructs.ExplicitBitVect object at 0x7ff3b53b9bd0>,0,0.5410240841934831,-14.659
1286,44352928,"methyl N-[(2R,3S,4S,6S)-3-methoxy-2-methyl-16-oxo-29-oxa-1,7,17-triazaoctacyclo[12.12.2.12,6.07,28.08,13.015,19.020,27.021,26]nonacosa-8,10,12,14,19,21,23,25,27-nonaen-4-yl]-N-methylcarbamate",CC12C(C(CC(O1)N3C4=CC=CC=C4C5=C6C(=C7C8=CC=CC=C8N2C7=C53)CNC6=O)N(C)C(=O)OC)OC,<rdkit.Chem.rdchem.Mol object at 0x7ff3b5384270>,<rdkit.DataStructs.cDataStructs.ExplicitBitVect object at 0x7ff3b53da030>,0,0.5082371989475815,-14.604
2830,155381506,"methyl N-[(2S,3R,4R,6R)-3-methoxy-2-methyl-16-oxo-29-oxa-1,7,17-triazaoctacyclo[12.12.2.12,6.07,28.08,13.015,19.020,27.021,26]nonacosa-8,10,12,14,19,21,23,25,27-nonaen-4-yl]-N-methylcarbamate",CC12C(C(CC(O1)N3C4=CC=CC=C4C5=C6C(=C7C8=CC=CC=C8N2C7=C53)CNC6=O)N(C)C(=O)OC)OC,<rdkit.Chem.rdchem.Mol object at 0x7ff3b53b27a0>,<rdkit.DataStructs.cDataStructs.ExplicitBitVect object at 0x7ff3b520c5f0>,0,0.5082371989475815,-14.561
2743,145605213,"4-(Ethylamino)-3-methoxy-2-methyl-29-oxa-1,7,17-triazaoctacyclo[12.12.2.12,6.07,28.08,13.015,19.020,27.021,26]nonacosa-8,10,12,14,19,21,23,25,27-nonaen-16-one",CCNC1CC2N3C4=CC=CC=C4C5=C6C(=C7C8=CC=CC=C8N(C7=C53)C(C1OC)(O2)C)CNC6=O,<rdkit.Chem.rdchem.Mol object at 0x7ff3b53b0120>,<rdkit.DataStructs.cDataStructs.ExplicitBitVect object at 0x7ff3b5405ee0>,0,0.6721311475409836,-14.551
2125,71056133,"(16S,18S,19S,20S)-19-methoxy-18-(methylamino)-29-oxa-5,15,27-triazanonacyclo[13.12.1.116,20.02,25.03,7.08,28.09,14.020,27.021,26]nonacosa-1(28),2,7,9,11,13,21,23,25-nonaen-6-one",CNC1CC2N3C4=CC=CC=C4C5=C6C(=C7C8=C9C(=CC=C8)C(C1OC)(N9C7=C53)O2)CNC6=O,<rdkit.Chem.rdchem.Mol object at 0x7ff3b539ca50>,<rdkit.DataStructs.cDataStructs.ExplicitBitVect object at 0x7ff3b53f2810>,0,0.6067011329179344,-14.538
2552,132035931,"(18S,19S,20S)-19-methoxy-18-(methylamino)-29-oxa-5,15,27-triazanonacyclo[13.12.1.116,20.02,25.03,7.08,28.09,14.020,27.021,26]nonacosa-1(28),2,7,9,11,13,21,23,25-nonaen-6-one",CNC1CC2N3C4=CC=CC=C4C5=C6C(=C7C8=C9C(=CC=C8)C(C1OC)(N9C7=C53)O2)CNC6=O,<rdkit.Chem.rdchem.Mol object at 0x7ff3b53a99a0>,<rdkit.DataStructs.cDataStructs.ExplicitBitVect object at 0x7ff3b53ff760>,0,0.6067011329179344,-14.538
1716,66639820,"(16S,18S,19S)-19-methoxy-18-(methylamino)-29-oxa-5,15,27-triazanonacyclo[13.12.1.116,20.02,25.03,7.08,28.09,14.020,27.021,26]nonacosa-1(28),2,7,9,11,13,21,23,25-nonaen-6-one",CNC1CC2N3C4=CC=CC=C4C5=C6C(=C7C8=C9C(=CC=C8)C(C1OC)(N9C7=C53)O2)CNC6=O,<rdkit.Chem.rdchem.Mol object at 0x7ff3b5390350>,<rdkit.DataStructs.cDataStructs.ExplicitBitVect object at 0x7ff3b53e6110>,0,0.6067011329179344,-14.538
2240,78094796,"(3-Methoxy-2-methyl-16-oxo-29-oxa-1,7,17-triazaoctacyclo[12.12.2.12,6.07,28.08,13.015,19.020,27.021,26]nonacosa-8,10,12,14,19,21,23,25,27-nonaen-4-yl)-methylcyanamide",CC12C(C(CC(O1)N3C4=CC=CC=C4C5=C6C(=C7C8=CC=CC=C8N2C7=C53)CNC6=O)N(C)C#N)OC,<rdkit.Chem.rdchem.Mol object at 0x7ff3b539fed0>,<rdkit.DataStructs.cDataStructs.ExplicitBitVect object at 0x7ff3b53f5d20>,0,0.5409836065573771,-14.5
2420,101168493,"(2R,3R,4R,6S)-4-amino-11-hydroxy-3-methoxy-2-methyl-29-oxa-1,7,17-triazaoctacyclo[12.12.2.12,6.07,28.08,13.015,19.020,27.021,26]nonacosa-8(13),9,11,14,19,21,23,25,27-nonaen-16-one",CC12C(C(CC(O1)N3C4=C(C=C(C=C4)O)C5=C6C(=C7C8=CC=CC=C8N2C7=C53)CNC6=O)N)OC,<rdkit.Chem.rdchem.Mol object at 0x7ff3b53a5d90>,<rdkit.DataStructs.cDataStructs.ExplicitBitVect object at 0x7ff3b53fbb50>,0,0.5246306415705323,-14.487
83,9827152,"3,24-Dimethoxy-2-methyl-4-(methylamino)-29-oxa-1,7,17-triazaoctacyclo[12.12.2.12,6.07,28.08,13.015,19.020,27.021,26]nonacosa-8,10,12,14,19,21(26),22,24,27-nonaen-16-one",CC12C(C(CC(O1)N3C4=CC=CC=C4C5=C6C(=C7C8=C(N2C7=C53)C=C(C=C8)OC)CNC6=O)NC)OC,<rdkit.Chem.rdchem.Mol object at 0x7ff3b5357ed0>,<rdkit.DataStructs.cDataStructs.ExplicitBitVect object at 0x7ff3b53b5d20>,0,0.7704918032786885,-14.469
2239,78094795,"1-(3-Methoxy-2-methyl-16-oxo-29-oxa-1,7,17-triazaoctacyclo[12.12.2.12,6.07,28.08,13.015,19.020,27.021,26]nonacosa-8,10,12,14,19,21,23,25,27-nonaen-4-yl)-1-methylthiourea",CC12C(C(CC(O1)N3C4=CC=CC=C4C5=C6C(=C7C8=CC=CC=C8N2C7=C53)CNC6=O)N(C)C(=S)N)OC,<rdkit.Chem.rdchem.Mol object at 0x7ff3b539fe60>,<rdkit.DataStructs.cDataStructs.ExplicitBitVect object at 0x7ff3b53f5cb0>,0,0.5410240841934831,-14.467
1103,21726487,"(2S,3R,4R,6R)-3,24-dimethoxy-2-methyl-4-(methylamino)-29-oxa-1,7,17-triazaoctacyclo[12.12.2.12,6.07,28.08,13.015,19.020,27.021,26]nonacosa-8,10,12,14,19,21(26),22,24,27-nonaen-16-one",CC12C(C(CC(O1)N3C4=CC=CC=C4C5=C6C(=C7C8=C(N2C7=C53)C=C(C=C8)OC)CNC6=O)NC)OC,<rdkit.Chem.rdchem.Mol object at 0x7ff3b537edc0>,<rdkit.DataStructs.cDataStructs.ExplicitBitVect object at 0x7ff3b53d4c10>,0,0.7704918032786885,-14.46
1366,44631459,"(2S,3R,4R,6S)-25-hydroxy-3-methoxy-2-methyl-4-(methylamino)-29-oxa-1,7,17-triazaoctacyclo[12.12.2.12,6.07,28.08,13.015,19.020,27.021,26]nonacosa-8,10,12,14,19,21(26),22,24,27-nonaen-16-one",CC12C(C(CC(O1)N3C4=CC=CC=C4C5=C6C(=C7C8=C(N2C7=C53)C(=CC=C8)O)CNC6=O)NC)OC,<rdkit.Chem.rdchem.Mol object at 0x7ff3b53865e0>,<rdkit.DataStructs.cDataStructs.ExplicitBitVect object at 0x7ff3b53dc430>,0,0.7434896629583462,-14.431
2418,101168490,"(2R,3R,4R,6S)-25-hydroxy-3-methoxy-2-methyl-4-(methylamino)-29-oxa-1,7,17-triazaoctacyclo[12.12.2.12,6.07,28.08,13.015,19.020,27.021,26]nonacosa-8,10,12,14,19,21(26),22,24,27-nonaen-16-one",CC12C(C(CC(O1)N3C4=CC=CC=C4C5=C6C(=C7C8=C(N2C7=C53)C(=CC=C8)O)CNC6=O)NC)OC,<rdkit.Chem.rdchem.Mol object at 0x7ff3b53a5cb0>,<rdkit.DataStructs.cDataStructs.ExplicitBitVect object at 0x7ff3b53fba70>,0,0.7434896629583462,-14.431
208,10367983,"(2R,3S,4S,6S)-25-hydroxy-3-methoxy-2-methyl-4-(methylamino)-29-oxa-1,7,17-triazaoctacyclo[12.12.2.12,6.07,28.08,13.015,19.020,27.021,26]nonacosa-8,10,12,14,19,21(26),22,24,27-nonaen-16-one",CC12C(C(CC(O1)N3C4=CC=CC=C4C5=C6C(=C7C8=C(N2C7=C53)C(=CC=C8)O)CNC6=O)NC)OC,<rdkit.Chem.rdchem.Mol object at 0x7ff3b5363990>,<rdkit.DataStructs.cDataStructs.ExplicitBitVect object at 0x7ff3b53b97e0>,0,0.7434896629583462,-14.431
2185,73699095,"25-Hydroxy-3-methoxy-2-methyl-4-(methylamino)-29-oxa-1,7,17-triazaoctacyclo[12.12.2.12,6.07,28.08,13.015,19.020,27.021,26]nonacosa-8,10,12,14,19,21(26),22,24,27-nonaen-16-one",CC12C(C(CC(O1)N3C4=CC=CC=C4C5=C6C(=C7C8=C(N2C7=C53)C(=CC=C8)O)CNC6=O)NC)OC,<rdkit.Chem.rdchem.Mol object at 0x7ff3b539e650>,<rdkit.DataStructs.cDataStructs.ExplicitBitVect object at 0x7ff3b53f44a0>,0,0.7434896629583462,-14.431
1102,21635679,"(2S,3R,4R,6R)-25-hydroxy-3-methoxy-2-methyl-4-(methylamino)-29-oxa-1,7,17-triazaoctacyclo[12.12.2.12,6.07,28.08,13.015,19.020,27.021,26]nonacosa-8,10,12,14,19,21(26),22,24,27-nonaen-16-one",CC12C(C(CC(O1)N3C4=CC=CC=C4C5=C6C(=C7C8=C(N2C7=C53)C(=CC=C8)O)CNC6=O)NC)OC,<rdkit.Chem.rdchem.Mol object at 0x7ff3b537ed50>,<rdkit.DataStructs.cDataStructs.ExplicitBitVect object at 0x7ff3b53d4ba0>,0,0.7434896629583462,-14.422
2709,143161818,"(2S,3R,4R,6R)-2-ethynyl-3-methoxy-4-(methylamino)-29-oxa-1,7,17-triazaoctacyclo[12.12.2.12,6.07,28.08,13.015,19.020,27.021,26]nonacosa-8,10,12,14,19,21,23,25,27-nonaen-16-one",CNC1CC2N3C4=CC=CC=C4C5=C6C(=C7C8=CC=CC=C8N(C7=C53)C(C1OC)(O2)C#C)CNC6=O,<rdkit.Chem.rdchem.Mol object at 0x7ff3b53aea40>,<rdkit.DataStructs.cDataStructs.ExplicitBitVect object at 0x7ff3b5404890>,0,0.5737704918032787,-14.364
1101,21581285,"[(2S,3R,4R,6R)-11-hydroxy-3-methoxy-2-methyl-16-oxo-29-oxa-1,7,17-triazaoctacyclo[12.12.2.12,6.07,28.08,13.015,19.020,27.021,26]nonacosa-8(13),9,11,14,19,21,23,25,27-nonaen-4-yl]-methylazanium",CC12C(C(CC(O1)N3C4=C(C=C(C=C4)O)C5=C6C(=C7C8=CC=CC=C8N2C7=C53)CNC6=O)[NH2+]C)OC,<rdkit.Chem.rdchem.Mol object at 0x7ff3b537ece0>,<rdkit.DataStructs.cDataStructs.ExplicitBitVect object at 0x7ff3b53d4b30>,0,0.5410240841934831,-14.355
2426,101644391,"ethyl N-[(2R,3S,4S,6S)-3-methoxy-2-methyl-16-oxo-29-oxa-1,7,17-triazaoctacyclo[12.12.2.12,6.07,28.08,13.015,19.020,27.021,26]nonacosa-8,10,12,14,19,21,23,25,27-nonaen-4-yl]-N-methylcarbamate",CCOC(=O)N(C)C1CC2N3C4=CC=CC=C4C5=C6C(=C7C8=CC=CC=C8N(C7=C53)C(C1OC)(O2)C)CNC6=O,<rdkit.Chem.rdchem.Mol object at 0x7ff3b53a6030>,<rdkit.DataStructs.cDataStructs.ExplicitBitVect object at 0x7ff3b53fbdf0>,0,0.5082371989475815,-14.31
211,10414863,"ethyl N-[(2S,3R,4R,6R)-3-methoxy-2-methyl-16-oxo-29-oxa-1,7,17-triazaoctacyclo[12.12.2.12,6.07,28.08,13.015,19.020,27.021,26]nonacosa-8,10,12,14,19,21,23,25,27-nonaen-4-yl]-N-methylcarbamate",CCOC(=O)N(C)C1CC2N3C4=CC=CC=C4C5=C6C(=C7C8=CC=CC=C8N(C7=C53)C(C1OC)(O2)C)CNC6=O,<rdkit.Chem.rdchem.Mol object at 0x7ff3b5363ae0>,<rdkit.DataStructs.cDataStructs.ExplicitBitVect object at 0x7ff3b53b9930>,0,0.5082371989475815,-14.275
335,14555171,"2,3-Dimethoxy-4-(methylamino)-29-oxa-1,7,17-triazaoctacyclo[12.12.2.12,6.07,28.08,13.015,19.020,27.021,26]nonacosa-8,10,12,14,19,21,23,25,27-nonaen-16-one",CNC1CC2N3C4=CC=CC=C4C5=C6C(=C7C8=CC=CC=C8N(C7=C53)C(C1OC)(O2)OC)CNC6=O,<rdkit.Chem.rdchem.Mol object at 0x7ff3b53683c0>,<rdkit.DataStructs.cDataStructs.ExplicitBitVect object at 0x7ff3b53be180>,0,0.6558252225616652,-14.273
1623,59069349,"(2R,3S,4S)-2,3-dimethoxy-4-(methylamino)-29-oxa-1,7,17-triazaoctacyclo[12.12.2.12,6.07,28.08,13.015,19.020,27.021,26]nonacosa-8,10,12,14,19,21,23,25,27-nonaen-16-one",CNC1CC2N3C4=CC=CC=C4C5=C6C(=C7C8=CC=CC=C8N(C7=C53)C(C1OC)(O2)OC)CNC6=O,<rdkit.Chem.rdchem.Mol object at 0x7ff3b538d8c0>,<rdkit.DataStructs.cDataStructs.ExplicitBitVect object at 0x7ff3b53e3680>,0,0.6558252225616652,-14.273
2855,156286227,"2-[2-ethyl-2-[(2S,3R,4S,6R)-3-methoxy-2-methyl-16-oxo-29-oxa-1,7,17-triazaoctacyclo[12.12.2.12,6.07,28.08,13.015,19.020,27.021,26]nonacosa-8,10,12,14,19,21,23,25,27-nonaen-4-yl]cyclopropyl]acetic acid",CCC1(CC1CC(=O)O)C2CC3N4C5=CC=CC=C5C6=C7C(=C8C9=CC=CC=C9N(C8=C64)C(C2OC)(O3)C)CNC7=O,<rdkit.Chem.rdchem.Mol object at 0x7ff3b53b33e0>,<rdkit.DataStructs.cDataStructs.ExplicitBitVect object at 0x7ff3b520d230>,0,0.557417526816434,-14.246
1365,44631443,"(2S,3R,4R,6S)-4-(dimethylamino)-11-hydroxy-3-methoxy-2-methyl-29-oxa-1,7,17-triazaoctacyclo[12.12.2.12,6.07,28.08,13.015,19.020,27.021,26]nonacosa-8(13),9,11,14,19,21,23,25,27-nonaen-16-one",CC12C(C(CC(O1)N3C4=C(C=C(C=C4)O)C5=C6C(=C7C8=CC=CC=C8N2C7=C53)CNC6=O)N(C)C)OC,<rdkit.Chem.rdchem.Mol object at 0x7ff3b5386570>,<rdkit.DataStructs.cDataStructs.ExplicitBitVect object at 0x7ff3b53dc3c0>,0,0.5246306415705323,-14.242
2419,101168491,"(2R,3R,4R,6S)-4-(dimethylamino)-11-hydroxy-3-methoxy-2-methyl-29-oxa-1,7,17-triazaoctacyclo[12.12.2.12,6.07,28.08,13.015,19.020,27.021,26]nonacosa-8(13),9,11,14,19,21,23,25,27-nonaen-16-one",CC12C(C(CC(O1)N3C4=C(C=C(C=C4)O)C5=C6C(=C7C8=CC=CC=C8N2C7=C53)CNC6=O)N(C)C)OC,<rdkit.Chem.rdchem.Mol object at 0x7ff3b53a5d20>,<rdkit.DataStructs.cDataStructs.ExplicitBitVect object at 0x7ff3b53fbae0>,0,0.5246306415705323,-14.242
2221,73837168,"4-(Dimethylamino)-11-hydroxy-3-methoxy-2-methyl-29-oxa-1,7,17-triazaoctacyclo[12.12.2.12,6.07,28.08,13.015,19.020,27.021,26]nonacosa-8(13),9,11,14,19,21,23,25,27-nonaen-16-one",CC12C(C(CC(O1)N3C4=C(C=C(C=C4)O)C5=C6C(=C7C8=CC=CC=C8N2C7=C53)CNC6=O)N(C)C)OC,<rdkit.Chem.rdchem.Mol object at 0x7ff3b539f610>,<rdkit.DataStructs.cDataStructs.ExplicitBitVect object at 0x7ff3b53f5460>,0,0.5246306415705323,-14.242
2414,100975858,"(2S,3S,4S,6R)-11-hydroxy-3-methoxy-2-methyl-4-(methylamino)-29-oxa-1,7,17-triazaoctacyclo[12.12.2.12,6.07,28.08,13.015,19.020,27.021,26]nonacosa-8(13),9,11,14,19,21,23,25,27-nonaen-16-one",CC12C(C(CC(O1)N3C4=C(C=C(C=C4)O)C5=C6C(=C7C8=CC=CC=C8N2C7=C53)CNC6=O)NC)OC,<rdkit.Chem.rdchem.Mol object at 0x7ff3b53a5af0>,<rdkit.DataStructs.cDataStructs.ExplicitBitVect object at 0x7ff3b53fb8b0>,0,0.7704918032786885,-14.225
224,10962084,"(2S,3R,4R,6R)-4-(dimethylamino)-11-hydroxy-3-methoxy-2-methyl-29-oxa-1,7,17-triazaoctacyclo[12.12.2.12,6.07,28.08,13.015,19.020,27.021,26]nonacosa-8(13),9,11,14,19,21,23,25,27-nonaen-16-one",CC12C(C(CC(O1)N3C4=C(C=C(C=C4)O)C5=C6C(=C7C8=CC=CC=C8N2C7=C53)CNC6=O)N(C)C)OC,<rdkit.Chem.rdchem.Mol object at 0x7ff3b5364190>,<rdkit.DataStructs.cDataStructs.ExplicitBitVect object at 0x7ff3b53b9f50>,0,0.5246306415705323,-14.205
1298,44460583,"(2R,3S,4S)-11-hydroxy-3-methoxy-2-methyl-4-(methylamino)-29-oxa-1,7,17-triazaoctacyclo[12.12.2.12,6.07,28.08,13.015,19.020,27.021,26]nonacosa-8(13),9,11,14,19,21,23,25,27-nonaen-16-one",CC12C(C(CC(O1)N3C4=C(C=C(C=C4)O)C5=C6C(=C7C8=CC=CC=C8N2C7=C53)CNC6=O)NC)OC,<rdkit.Chem.rdchem.Mol object at 0x7ff3b53847b0>,<rdkit.DataStructs.cDataStructs.ExplicitBitVect object at 0x7ff3b53da570>,0,0.7704918032786885,-14.188
2764,146573796,"(2R,3S,4S,6R)-10-amino-3-methoxy-2-methyl-4-(methylamino)-29-oxa-1,7,17-triazaoctacyclo[12.12.2.12,6.07,28.08,13.015,19.020,27.021,26]nonacosa-8(13),9,11,14,19,21,23,25,27-nonaen-16-one",CC12C(C(CC(O1)N3C4=C(C=CC(=C4)N)C5=C6C(=C7C8=CC=CC=C8N2C7=C53)CNC6=O)NC)OC,<rdkit.Chem.rdchem.Mol object at 0x7ff3b53b0ac0>,<rdkit.DataStructs.cDataStructs.ExplicitBitVect object at 0x7ff3b5406880>,0,0.7172131147540983,-14.148
1283,44352873,"tert-butyl N-[(2R,3S,4S,6S)-3-methoxy-2-methyl-16-oxo-29-oxa-1,7,17-triazaoctacyclo[12.12.2.12,6.07,28.08,13.015,19.020,27.021,26]nonacosa-8,10,12,14,19,21,23,25,27-nonaen-4-yl]-N-methylcarbamate",CC12C(C(CC(O1)N3C4=CC=CC=C4C5=C6C(=C7C8=CC=CC=C8N2C7=C53)CNC6=O)N(C)C(=O)OC(C)(C)C)OC,<rdkit.Chem.rdchem.Mol object at 0x7ff3b5384120>,<rdkit.DataStructs.cDataStructs.ExplicitBitVect object at 0x7ff3b53d9ee0>,0,0.5082371989475815,-14.148
334,12147812,"(2S,3R,4R,6R)-11-amino-3-methoxy-2-methyl-4-(methylamino)-29-oxa-1,7,17-triazaoctacyclo[12.12.2.12,6.07,28.08,13.015,19.020,27.021,26]nonacosa-8(13),9,11,14,19,21,23,25,27-nonaen-16-one",CC12C(C(CC(O1)N3C4=C(C=C(C=C4)N)C5=C6C(=C7C8=CC=CC=C8N2C7=C53)CNC6=O)NC)OC,<rdkit.Chem.rdchem.Mol object at 0x7ff3b5368350>,<rdkit.DataStructs.cDataStructs.ExplicitBitVect object at 0x7ff3b53be110>,0,0.7827868852459017,-14.143
1284,44352905,"1-[(2R,3S,4S,6S)-3-methoxy-2-methyl-16-oxo-29-oxa-1,7,17-triazaoctacyclo[12.12.2.12,6.07,28.08,13.015,19.020,27.021,26]nonacosa-8,10,12,14,19,21,23,25,27-nonaen-4-yl]-1,3-dimethylthiourea",CC12C(C(CC(O1)N3C4=CC=CC=C4C5=C6C(=C7C8=CC=CC=C8N2C7=C53)CNC6=O)N(C)C(=S)NC)OC,<rdkit.Chem.rdchem.Mol object at 0x7ff3b5384190>,<rdkit.DataStructs.cDataStructs.ExplicitBitVect object at 0x7ff3b53d9f50>,0,0.5410240841934831,-14.128
1641,59476517,"(3R,4R)-11,23-diamino-3-methoxy-2-methyl-4-(methylamino)-29-oxa-1,7,17-triazaoctacyclo[12.12.2.12,6.07,28.08,13.015,19.020,27.021,26]nonacosa-8(13),9,11,14,19,21(26),22,24,27-nonaen-16-one",CC12C(C(CC(O1)N3C4=C(C=C(C=C4)N)C5=C6C(=C7C8=C(N2C7=C53)C=CC(=C8)N)CNC6=O)NC)OC,<rdkit.Chem.rdchem.Mol object at 0x7ff3b538e0a0>,<rdkit.DataStructs.cDataStructs.ExplicitBitVect object at 0x7ff3b53e3e60>,0,0.7172131147540983,-14.081
2431,101999504,"(2S,3R,4R,6R)-11,23-diamino-3-methoxy-2-methyl-4-(methylamino)-29-oxa-1,7,17-triazaoctacyclo[12.12.2.12,6.07,28.08,13.015,19.020,27.021,26]nonacosa-8(13),9,11,14,19,21(26),22,24,27-nonaen-16-one",CC12C(C(CC(O1)N3C4=C(C=C(C=C4)N)C5=C6C(=C7C8=C(N2C7=C53)C=CC(=C8)N)CNC6=O)NC)OC,<rdkit.Chem.rdchem.Mol object at 0x7ff3b53a6260>,<rdkit.DataStructs.cDataStructs.ExplicitBitVect object at 0x7ff3b53fc0b0>,0,0.7172131147540983,-14.079
2819,155381267,"1-[(2S,3R,4R,6R)-3-methoxy-2-methyl-16-oxo-29-oxa-1,7,17-triazaoctacyclo[12.12.2.12,6.07,28.08,13.015,19.020,27.021,26]nonacosa-8,10,12,14,19,21,23,25,27-nonaen-4-yl]-1,3-dimethylthiourea",CC12C(C(CC(O1)N3C4=CC=CC=C4C5=C6C(=C7C8=CC=CC=C8N2C7=C53)CNC6=O)N(C)C(=S)NC)OC,<rdkit.Chem.rdchem.Mol object at 0x7ff3b53b22d0>,<rdkit.DataStructs.cDataStructs.ExplicitBitVect object at 0x7ff3b520c120>,0,0.5410240841934831,-14.062
2433,101999506,"(2S,3R,4R,6R)-11,23-dihydroxy-3-methoxy-2-methyl-4-(methylamino)-29-oxa-1,7,17-triazaoctacyclo[12.12.2.12,6.07,28.08,13.015,19.020,27.021,26]nonacosa-8(13),9,11,14,19,21(26),22,24,27-nonaen-16-one",CC12C(C(CC(O1)N3C4=C(C=C(C=C4)O)C5=C6C(=C7C8=C(N2C7=C53)C=CC(=C8)O)CNC6=O)NC)OC,<rdkit.Chem.rdchem.Mol object at 0x7ff3b53a6340>,<rdkit.DataStructs.cDataStructs.ExplicitBitVect object at 0x7ff3b53fc190>,0,0.7049180327868853,-14.056
2645,138461018,"(2R,3R,4R,6R)-2-amino-3-methoxy-4-(methylamino)-29-oxa-1,7,17-triazaoctacyclo[12.12.2.12,6.07,28.08,13.015,19.020,27.021,26]nonacosa-8,10,12,14,19,21,23,25,27-nonaen-16-one",CNC1CC2N3C4=CC=CC=C4C5=C6C(=C7C8=CC=CC=C8N(C7=C53)C(C1OC)(O2)N)CNC6=O,<rdkit.Chem.rdchem.Mol object at 0x7ff3b53ac660>,<rdkit.DataStructs.cDataStructs.ExplicitBitVect object at 0x7ff3b5402420>,0,0.6557781825541389,-14.02
2823,155381406,"tert-butyl N-[(2S)-1-[[(2S,3R,4R,6R)-3-methoxy-2-methyl-16-oxo-29-oxa-1,7,17-triazaoctacyclo[12.12.2.12,6.07,28.08,13.015,19.020,27.021,26]nonacosa-8,10,12,14,19,21,23,25,27-nonaen-4-yl]-methylamino]-1-oxo-3-phenylmethoxypropan-2-yl]carbamate",CC12C(C(CC(O1)N3C4=CC=CC=C4C5=C6C(=C7C8=CC=CC=C8N2C7=C53)CNC6=O)N(C)C(=O)C(COCC9=CC=CC=C9)NC(=O)OC(C)(C)C)OC,<rdkit.Chem.rdchem.Mol object at 0x7ff3b53b2490>,<rdkit.DataStructs.cDataStructs.ExplicitBitVect object at 0x7ff3b520c2e0>,0,0.5082371989475815,-14.017
2332,90377042,"(2S,3R,4R,6R)-2-hydroxy-3-methoxy-4-(methylamino)-29-oxa-1,7,17-triazaoctacyclo[12.12.2.12,6.07,28.08,13.015,19.020,27.021,26]nonacosa-8,10,12,14,19,21,23,25,27-nonaen-16-one",CNC1CC2N3C4=CC=CC=C4C5=C6C(=C7C8=CC=CC=C8N(C7=C53)C(C1OC)(O2)O)CNC6=O,<rdkit.Chem.rdchem.Mol object at 0x7ff3b53a3370>,<rdkit.DataStructs.cDataStructs.ExplicitBitVect object at 0x7ff3b53f91c0>,0,0.6066044170567066,-14.001
2825,155381444,"butyl-hydroxy-[(2S,3R,4R,6R)-3-methoxy-2-methyl-16-oxo-29-oxa-1,7,17-triazaoctacyclo[12.12.2.12,6.07,28.08,13.015,19.020,27.021,26]nonacosa-8,10,12,14,19,21,23,25,27-nonaen-4-yl]-methylazanium",CCCC[N+](C)(C1CC2N3C4=CC=CC=C4C5=C6C(=C7C8=CC=CC=C8N(C7=C53)C(C1OC)(O2)C)CNC6=O)O,<rdkit.Chem.rdchem.Mol object at 0x7ff3b53b2570>,<rdkit.DataStructs.cDataStructs.ExplicitBitVect object at 0x7ff3b520c3c0>,0,0.5246306415705323,-13.985
1643,59476534,"N-[(4R,5R)-23-bromo-5-methoxy-6-methyl-4-(methylamino)-18-oxo-29-oxa-1,7,17-triazaoctacyclo[12.12.2.12,6.07,28.08,13.015,19.020,27.021,26]nonacosa-8(13),9,11,14,19,21(26),22,24,27-nonaen-11-yl]benzamide",CC12C(C(CC(O1)N3C4=C(C=C(C=C4)Br)C5=C6C(=C7C8=C(N2C7=C53)C=CC(=C8)NC(=O)C9=CC=CC=C9)CNC6=O)NC)OC,<rdkit.Chem.rdchem.Mol object at 0x7ff3b538e180>,<rdkit.DataStructs.cDataStructs.ExplicitBitVect object at 0x7ff3b53e3f40>,0,0.5901639344262295,-13.952
2387,91216771,"23-[(3S,4S)-3-methoxy-2-methyl-4-(methylamino)oxan-2-yl]-3,13,23-triazahexacyclo[14.7.0.02,10.04,9.011,15.017,22]tricosa-1,4,6,8,10,15,17,19,21-nonaen-12-one",CC1(C(C(CCO1)NC)OC)N2C3=CC=CC=C3C4=C5CNC(=O)C5=C6C7=CC=CC=C7NC6=C42,<rdkit.Chem.rdchem.Mol object at 0x7ff3b53a4cf0>,<rdkit.DataStructs.cDataStructs.ExplicitBitVect object at 0x7ff3b53faab0>,0,0.5413010013806675,-13.95
2430,101999503,"(2S,3R,4R,6R)-3-methoxy-2-methyl-4-(methylamino)-16-oxo-29-oxa-1,7,17-triazaoctacyclo[12.12.2.12,6.07,28.08,13.015,19.020,27.021,26]nonacosa-8(13),9,11,14,19,21(26),22,24,27-nonaene-11,23-dicarboxylic acid",CC12C(C(CC(O1)N3C4=C(C=C(C=C4)C(=O)O)C5=C6C(=C7C8=C(N2C7=C53)C=CC(=C8)C(=O)O)CNC6=O)NC)OC,<rdkit.Chem.rdchem.Mol object at 0x7ff3b53a61f0>,<rdkit.DataStructs.cDataStructs.ExplicitBitVect object at 0x7ff3b53fc040>,0,0.6885245901639344,-13.845
2832,155381528,"(2S,3R,4R,6R)-3-methoxy-2-methyl-4-[methyl(prop-2-enyl)amino]-29-oxa-1,7,17-triazaoctacyclo[12.12.2.12,6.07,28.08,13.015,19.020,27.021,26]nonacosa-8,10,12,14,19,21,23,25,27-nonaen-16-one",CC12C(C(CC(O1)N3C4=CC=CC=C4C5=C6C(=C7C8=CC=CC=C8N2C7=C53)CNC6=O)N(C)CC=C)OC,<rdkit.Chem.rdchem.Mol object at 0x7ff3b53b2880>,<rdkit.DataStructs.cDataStructs.ExplicitBitVect object at 0x7ff3b520c6d0>,0,0.5410240841934831,-13.805
2243,85149071,"[(3-Methoxy-2-methyl-16-oxo-29-oxa-1,7,17-triazaoctacyclo[12.12.2.12,6.07,28.08,13.015,19.020,27.021,26]nonacosa-8,10,12,14,19,21,23,25,27-nonaen-4-yl)-methylamino]oxymethyl acetate",CC(=O)OCON(C)C1CC2N3C4=CC=CC=C4C5=C6C(=C7C8=CC=CC=C8N(C7=C53)C(C1OC)(O2)C)CNC6=O,<rdkit.Chem.rdchem.Mol object at 0x7ff3b53a00b0>,<rdkit.DataStructs.cDataStructs.ExplicitBitVect object at 0x7ff3b53f5e70>,0,0.5082371989475815,-13.78
0,1605,"11,25-Dihydroxy-3-methoxy-2-methyl-4-(methylamino)-29-oxa-1,7,17-triazaoctacyclo[12.12.2.12,6.07,28.08,13.015,19.020,27.021,26]nonacosa-8(13),9,11,14,19,21(26),22,24,27-nonaen-16-one",CC12C(C(CC(O1)N3C4=C(C=C(C=C4)O)C5=C6C(=C7C8=C(N2C7=C53)C(=CC=C8)O)CNC6=O)NC)OC,<rdkit.Chem.rdchem.Mol object at 0x7ff3b5355a80>,<rdkit.DataStructs.cDataStructs.ExplicitBitVect object at 0x7ff3b53b3760>,0,0.6451290072206413,-13.771
2827,155381500,"3-[[(2S,3R,4R,6R)-3-methoxy-2-methyl-16-oxo-29-oxa-1,7,17-triazaoctacyclo[12.12.2.12,6.07,28.08,13.015,19.020,27.021,26]nonacosa-8,10,12,14,19,21,23,25,27-nonaen-4-yl]-methylamino]propanenitrile",CC12C(C(CC(O1)N3C4=CC=CC=C4C5=C6C(=C7C8=CC=CC=C8N2C7=C53)CNC6=O)N(C)CCC#N)OC,<rdkit.Chem.rdchem.Mol object at 0x7ff3b53b2650>,<rdkit.DataStructs.cDataStructs.ExplicitBitVect object at 0x7ff3b520c4a0>,0,0.5409836065573771,-13.636
2432,101999505,"(2S,3R,4R,6R)-11,23-bis(hydroxymethyl)-3-methoxy-2-methyl-4-(methylamino)-29-oxa-1,7,17-triazaoctacyclo[12.12.2.12,6.07,28.08,13.015,19.020,27.021,26]nonacosa-8(13),9,11,14,19,21(26),22,24,27-nonaen-16-one",CC12C(C(CC(O1)N3C4=C(C=C(C=C4)CO)C5=C6C(=C7C8=C(N2C7=C53)C=CC(=C8)CO)CNC6=O)NC)OC,<rdkit.Chem.rdchem.Mol object at 0x7ff3b53a62d0>,<rdkit.DataStructs.cDataStructs.ExplicitBitVect object at 0x7ff3b53fc120>,0,0.7049180327868853,-13.581
1278,44352772,"3-[[(2R,3S,4S,6S)-3-methoxy-2-methyl-16-oxo-29-oxa-1,7,17-triazaoctacyclo[12.12.2.12,6.07,28.08,13.015,19.020,27.021,26]nonacosa-8,10,12,14,19,21,23,25,27-nonaen-4-yl]-methylamino]propanenitrile",CC12C(C(CC(O1)N3C4=CC=CC=C4C5=C6C(=C7C8=CC=CC=C8N2C7=C53)CNC6=O)N(C)CCC#N)OC,<rdkit.Chem.rdchem.Mol object at 0x7ff3b5383e60>,<rdkit.DataStructs.cDataStructs.ExplicitBitVect object at 0x7ff3b53d9cb0>,0,0.5409836065573771,-13.545
2449,118249465,"(2R,3S,4S,6R)-3-methoxy-2-methyl-4-(methylamino)-1,7,17-triazaoctacyclo[12.12.2.12,6.07,28.08,13.015,19.020,27.021,26]nonacosa-8,10,12,14,19,21,23,25,27-nonaen-16-one",CC12CC(CC(C1OC)NC)N3C4=CC=CC=C4C5=C6C(=C7C8=CC=CC=C8N2C7=C53)CNC6=O,<rdkit.Chem.rdchem.Mol object at 0x7ff3b53a6a40>,<rdkit.DataStructs.cDataStructs.ExplicitBitVect object at 0x7ff3b53fc890>,0,0.5574645668239603,-13.146
1687,59772916,"(2S,3R,4R,6R)-4-[diethoxyphosphorylmethyl(methyl)amino]-3-methoxy-2-methyl-29-oxa-1,7,17-triazaoctacyclo[12.12.2.12,6.07,28.08,13.015,19.020,27.021,26]nonacosa-8,10,12,14,19,21,23,25,27-nonaen-16-one",CCOP(=O)(CN(C)C1CC2N3C4=CC=CC=C4C5=C6C(=C7C8=CC=CC=C8N(C7=C53)C(C1OC)(O2)C)CNC6=O)OCC,<rdkit.Chem.rdchem.Mol object at 0x7ff3b538f4c0>,<rdkit.DataStructs.cDataStructs.ExplicitBitVect object at 0x7ff3b53e5310>,0,0.5246306415705323,-12.966
2439,117766970,"23-[(3S,4S)-3-methoxy-2,6-dimethyl-4-(methylamino)oxan-2-yl]-3,13,23-triazahexacyclo[14.7.0.02,10.04,9.011,15.017,22]tricosa-1,4,6,8,10,15,17,19,21-nonaen-12-one",CC1CC(C(C(O1)(C)N2C3=CC=CC=C3C4=C5CNC(=O)C5=C6C7=CC=CC=C7NC6=C42)OC)NC,<rdkit.Chem.rdchem.Mol object at 0x7ff3b53a65e0>,<rdkit.DataStructs.cDataStructs.ExplicitBitVect object at 0x7ff3b53fc430>,0,0.6068747718724709,-12.208
